bridgeID,StructureID,Start Node,End Node,"Millbrae-Richmond (1=yes, 0=no)",Richmond-Fremont,SFO-Bay Point,Bay Point-Montgomery,Bay Point-Daly City,Concord-Daly City,Concord-24th St,Pleasant Hill - Daly City,Pleasant Hill - Montgomery,Montogmery- Concord,24th st- bay point,daly city - dublin,daly city - fremont,Notes
-1,-1,Embarcadero,West Oakland,1,0,1,1,1,1,1,1,1,1,1,1,1,
3152,1409,Colma,Daly City,1,0,1,0,0,0,0,0,0,0,0,0,0,
3151,1408,Colma,Daly City,1,0,1,0,0,0,0,0,0,0,0,0,0,
3150,1407,Colma,Daly City,1,0,1,0,0,0,0,0,0,0,0,0,0,
3149,1406,Colma,Daly City,1,0,1,0,0,0,0,0,0,0,0,0,0,
3148,1405,Colma,Daly City,1,0,1,0,0,0,0,0,0,0,0,0,0,
3147,1404,Colma,Daly City,1,0,1,0,0,0,0,0,0,0,0,0,0,
3146,1403,Colma,Daly City,1,0,1,0,0,0,0,0,0,0,0,0,0,
3145,1402,Daly City,Balboa Park,1,0,1,0,1,1,0,1,0,0,0,1,1,
3144,1401,Daly City,Balboa Park,1,0,1,0,1,1,0,1,0,0,0,1,1,
3143,1400,Daly City,Balboa Park,1,0,1,0,1,1,0,1,0,0,0,1,1,
3142,1399,Daly City,Balboa Park,1,0,1,0,1,1,0,1,0,0,0,1,1,
3141,1398,Daly City,Balboa Park,1,0,1,0,1,1,0,1,0,0,0,1,1,
3140,1397,Daly City,Balboa Park,1,0,1,0,1,1,0,1,0,0,0,1,1,
3139,1396,Daly City,Balboa Park,1,0,1,0,1,1,0,1,0,0,0,1,1,
3138,1395,Daly City,Balboa Park,1,0,1,0,1,1,0,1,0,0,0,1,1,
3137,1394,Daly City,Balboa Park,1,0,1,0,1,1,0,1,0,0,0,1,1,
3136,1393,Daly City,Balboa Park,1,0,1,0,1,1,0,1,0,0,0,1,1,
3135,1392,Daly City,Balboa Park,1,0,1,0,1,1,0,1,0,0,0,1,1,
3134,1391,Daly City,Balboa Park,1,0,1,0,1,1,0,1,0,0,0,1,1,
3133,1390,Daly City,Balboa Park,1,0,1,0,1,1,0,1,0,0,0,1,1,
3132,1389,Daly City,Balboa Park,1,0,1,0,1,1,0,1,0,0,0,1,1,
3131,1388,Daly City,Balboa Park,1,0,1,0,1,1,0,1,0,0,0,1,1,
3130,1387,Daly City,Balboa Park,1,0,1,0,1,1,0,1,0,0,0,1,1,
3129,1386,Daly City,Balboa Park,1,0,1,0,1,1,0,1,0,0,0,1,1,
3128,1385,Daly City,Balboa Park,1,0,1,0,1,1,0,1,0,0,0,1,1,
3127,1384,Daly City,Balboa Park,1,0,1,0,1,1,0,1,0,0,0,1,1,
3126,1383,Daly City,Balboa Park,1,0,1,0,1,1,0,1,0,0,0,1,1,
3125,1382,Daly City,Balboa Park,1,0,1,0,1,1,0,1,0,0,0,1,1,
3124,1381,Daly City,Balboa Park,1,0,1,0,1,1,0,1,0,0,0,1,1,
3123,1380,Daly City,Balboa Park,1,0,1,0,1,1,0,1,0,0,0,1,1,
3122,1379,Daly City,Balboa Park,1,0,1,0,1,1,0,1,0,0,0,1,1,
3121,1378,Daly City,Balboa Park,1,0,1,0,1,1,0,1,0,0,0,1,1,
3120,1377,Daly City,Balboa Park,1,0,1,0,1,1,0,1,0,0,0,1,1,
3119,1376,Daly City,Balboa Park,1,0,1,0,1,1,0,1,0,0,0,1,1,
3118,1375,Daly City,Balboa Park,1,0,1,0,1,1,0,1,0,0,0,1,1,
3117,1374,Daly City,Balboa Park,1,0,1,0,1,1,0,1,0,0,0,1,1,
3116,1373,Daly City,Balboa Park,1,0,1,0,1,1,0,1,0,0,0,1,1,
3115,1372,Daly City,Balboa Park,1,0,1,0,1,1,0,1,0,0,0,1,1,
3114,1371,Daly City,Balboa Park,1,0,1,0,1,1,0,1,0,0,0,1,1,
3113,1370,Daly City,Balboa Park,1,0,1,0,1,1,0,1,0,0,0,1,1,
3112,1369,Daly City,Balboa Park,1,0,1,0,1,1,0,1,0,0,0,1,1,
3111,1368,Daly City,Balboa Park,1,0,1,0,1,1,0,1,0,0,0,1,1,
3110,1367,Daly City,Balboa Park,1,0,1,0,1,1,0,1,0,0,0,1,1,
3109,1366,Daly City,Balboa Park,1,0,1,0,1,1,0,1,0,0,0,1,1,
3108,1365,Daly City,Balboa Park,1,0,1,0,1,1,0,1,0,0,0,1,1,
3107,1364,Daly City,Balboa Park,1,0,1,0,1,1,0,1,0,0,0,1,1,
3106,1363,Daly City,Balboa Park,1,0,1,0,1,1,0,1,0,0,0,1,1,
3105,1362,Daly City,Balboa Park,1,0,1,0,1,1,0,1,0,0,0,1,1,
3104,1361,Daly City,Balboa Park,1,0,1,0,1,1,0,1,0,0,0,1,1,
3103,1360,Daly City,Balboa Park,1,0,1,0,1,1,0,1,0,0,0,1,1,
3102,1359,Daly City,Balboa Park,1,0,1,0,1,1,0,1,0,0,0,1,1,
3101,1358,Daly City,Balboa Park,1,0,1,0,1,1,0,1,0,0,0,1,1,
3100,1357,Daly City,Balboa Park,1,0,1,0,1,1,0,1,0,0,0,1,1,
3099,1356,Daly City,Balboa Park,1,0,1,0,1,1,0,1,0,0,0,1,1,
3098,1355,Daly City,Balboa Park,1,0,1,0,1,1,0,1,0,0,0,1,1,
3097,1354,Daly City,Balboa Park,1,0,1,0,1,1,0,1,0,0,0,1,1,
3096,1353,Daly City,Balboa Park,1,0,1,0,1,1,0,1,0,0,0,1,1,
3095,1352,Daly City,Balboa Park,1,0,1,0,1,1,0,1,0,0,0,1,1,
3094,1351,Daly City,Balboa Park,1,0,1,0,1,1,0,1,0,0,0,1,1,
3093,1350,Fremont,Union City,0,1,0,0,0,0,0,0,0,0,0,0,1,
3092,1349,Fremont,Union City,0,1,0,0,0,0,0,0,0,0,0,0,1,
3091,1348,Fremont,Union City,0,1,0,0,0,0,0,0,0,0,0,0,1,
3090,1347,Fremont,Union City,0,1,0,0,0,0,0,0,0,0,0,0,1,
3089,1346,Fremont,Union City,0,1,0,0,0,0,0,0,0,0,0,0,1,
3088,1345,Fremont,Union City,0,1,0,0,0,0,0,0,0,0,0,0,1,
3087,1344,Fremont,Union City,0,1,0,0,0,0,0,0,0,0,0,0,1,
3086,1343,Fremont,Union City,0,1,0,0,0,0,0,0,0,0,0,0,1,
3085,1342,Fremont,Union City,0,1,0,0,0,0,0,0,0,0,0,0,1,
3084,1341,Fremont,Union City,0,1,0,0,0,0,0,0,0,0,0,0,1,
3083,1340,Fremont,Union City,0,1,0,0,0,0,0,0,0,0,0,0,1,
3082,1339,Fremont,Union City,0,1,0,0,0,0,0,0,0,0,0,0,1,
3081,1338,Fremont,Union City,0,1,0,0,0,0,0,0,0,0,0,0,1,
3080,1337,Fremont,Union City,0,1,0,0,0,0,0,0,0,0,0,0,1,
3079,1336,Fremont,Union City,0,1,0,0,0,0,0,0,0,0,0,0,1,
3078,1335,Fremont,Union City,0,1,0,0,0,0,0,0,0,0,0,0,1,
3077,1334,Fremont,Union City,0,1,0,0,0,0,0,0,0,0,0,0,1,
3076,1333,Fremont,Union City,0,1,0,0,0,0,0,0,0,0,0,0,1,
3075,1332,Union City,South Hayward,0,1,0,0,0,0,0,0,0,0,0,0,1,
3074,1331,Union City,South Hayward,0,1,0,0,0,0,0,0,0,0,0,0,1,
3073,1330,Union City,South Hayward,0,1,0,0,0,0,0,0,0,0,0,0,1,
3072,1329,Union City,South Hayward,0,1,0,0,0,0,0,0,0,0,0,0,1,
3071,1328,Union City,South Hayward,0,1,0,0,0,0,0,0,0,0,0,0,1,
3070,1327,Union City,South Hayward,0,1,0,0,0,0,0,0,0,0,0,0,1,
3069,1326,Union City,South Hayward,0,1,0,0,0,0,0,0,0,0,0,0,1,
3068,1325,Union City,South Hayward,0,1,0,0,0,0,0,0,0,0,0,0,1,
3067,1324,Union City,South Hayward,0,1,0,0,0,0,0,0,0,0,0,0,1,
3066,1323,Union City,South Hayward,0,1,0,0,0,0,0,0,0,0,0,0,1,
3065,1322,Union City,South Hayward,0,1,0,0,0,0,0,0,0,0,0,0,1,
3064,1321,Union City,South Hayward,0,1,0,0,0,0,0,0,0,0,0,0,1,
3063,1320,Union City,South Hayward,0,1,0,0,0,0,0,0,0,0,0,0,1,
3062,1319,Union City,South Hayward,0,1,0,0,0,0,0,0,0,0,0,0,1,
3061,1318,Union City,South Hayward,0,1,0,0,0,0,0,0,0,0,0,0,1,
3060,1317,Union City,South Hayward,0,1,0,0,0,0,0,0,0,0,0,0,1,
3059,1316,Union City,South Hayward,0,1,0,0,0,0,0,0,0,0,0,0,1,
3058,1315,Union City,South Hayward,0,1,0,0,0,0,0,0,0,0,0,0,1,
3057,1314,Union City,South Hayward,0,1,0,0,0,0,0,0,0,0,0,0,1,
3056,1313,Union City,South Hayward,0,1,0,0,0,0,0,0,0,0,0,0,1,
3055,1312,Union City,South Hayward,0,1,0,0,0,0,0,0,0,0,0,0,1,
3054,1311,Union City,South Hayward,0,1,0,0,0,0,0,0,0,0,0,0,1,
3053,1310,Union City,South Hayward,0,1,0,0,0,0,0,0,0,0,0,0,1,
3052,1309,Union City,South Hayward,0,1,0,0,0,0,0,0,0,0,0,0,1,
3051,1308,Union City,South Hayward,0,1,0,0,0,0,0,0,0,0,0,0,1,
3050,1307,Union City,South Hayward,0,1,0,0,0,0,0,0,0,0,0,0,1,
3049,1306,Union City,South Hayward,0,1,0,0,0,0,0,0,0,0,0,0,1,
3048,1305,Union City,South Hayward,0,1,0,0,0,0,0,0,0,0,0,0,1,
3047,1304,Union City,South Hayward,0,1,0,0,0,0,0,0,0,0,0,0,1,
3046,1303,Union City,South Hayward,0,1,0,0,0,0,0,0,0,0,0,0,1,
3045,1302,Union City,South Hayward,0,1,0,0,0,0,0,0,0,0,0,0,1,
3044,1301,Union City,South Hayward,0,1,0,0,0,0,0,0,0,0,0,0,1,
3043,1300,Union City,South Hayward,0,1,0,0,0,0,0,0,0,0,0,0,1,
3042,1299,Union City,South Hayward,0,1,0,0,0,0,0,0,0,0,0,0,1,
3041,1298,Union City,South Hayward,0,1,0,0,0,0,0,0,0,0,0,0,1,
3040,1297,Union City,South Hayward,0,1,0,0,0,0,0,0,0,0,0,0,1,
3039,1296,Union City,South Hayward,0,1,0,0,0,0,0,0,0,0,0,0,1,
3038,1295,Union City,South Hayward,0,1,0,0,0,0,0,0,0,0,0,0,1,
3037,1294,Union City,South Hayward,0,1,0,0,0,0,0,0,0,0,0,0,1,
3036,1293,Union City,South Hayward,0,1,0,0,0,0,0,0,0,0,0,0,1,
3035,1292,Union City,South Hayward,0,1,0,0,0,0,0,0,0,0,0,0,1,
3034,1291,Union City,South Hayward,0,1,0,0,0,0,0,0,0,0,0,0,1,
3033,1290,Union City,South Hayward,0,1,0,0,0,0,0,0,0,0,0,0,1,
3032,1289,Union City,South Hayward,0,1,0,0,0,0,0,0,0,0,0,0,1,
3031,1288,Union City,South Hayward,0,1,0,0,0,0,0,0,0,0,0,0,1,
3030,1287,Union City,South Hayward,0,1,0,0,0,0,0,0,0,0,0,0,1,
3029,1286,Union City,South Hayward,0,1,0,0,0,0,0,0,0,0,0,0,1,
3028,1285,Union City,South Hayward,0,1,0,0,0,0,0,0,0,0,0,0,1,
3027,1284,Union City,South Hayward,0,1,0,0,0,0,0,0,0,0,0,0,1,
3026,1283,Union City,South Hayward,0,1,0,0,0,0,0,0,0,0,0,0,1,
3025,1282,Union City,South Hayward,0,1,0,0,0,0,0,0,0,0,0,0,1,
3024,1281,Union City,South Hayward,0,1,0,0,0,0,0,0,0,0,0,0,1,
3023,1280,Union City,South Hayward,0,1,0,0,0,0,0,0,0,0,0,0,1,
3022,1279,Union City,South Hayward,0,1,0,0,0,0,0,0,0,0,0,0,1,
3021,1278,Union City,South Hayward,0,1,0,0,0,0,0,0,0,0,0,0,1,
3020,1277,South Hayward,Hayward,0,1,0,0,0,0,0,0,0,0,0,0,1,
3019,1276,South Hayward,Hayward,0,1,0,0,0,0,0,0,0,0,0,0,1,
3018,1275,South Hayward,Hayward,0,1,0,0,0,0,0,0,0,0,0,0,1,
3017,1274,South Hayward,Hayward,0,1,0,0,0,0,0,0,0,0,0,0,1,
3016,1273,South Hayward,Hayward,0,1,0,0,0,0,0,0,0,0,0,0,1,
3015,1272,South Hayward,Hayward,0,1,0,0,0,0,0,0,0,0,0,0,1,
3014,1271,South Hayward,Hayward,0,1,0,0,0,0,0,0,0,0,0,0,1,
3013,1270,South Hayward,Hayward,0,1,0,0,0,0,0,0,0,0,0,0,1,
3012,1269,South Hayward,Hayward,0,1,0,0,0,0,0,0,0,0,0,0,1,
3011,1268,South Hayward,Hayward,0,1,0,0,0,0,0,0,0,0,0,0,1,
3010,1267,South Hayward,Hayward,0,1,0,0,0,0,0,0,0,0,0,0,1,
3009,1266,South Hayward,Hayward,0,1,0,0,0,0,0,0,0,0,0,0,1,
3008,1265,South Hayward,Hayward,0,1,0,0,0,0,0,0,0,0,0,0,1,
3007,1264,South Hayward,Hayward,0,1,0,0,0,0,0,0,0,0,0,0,1,
3006,1263,South Hayward,Hayward,0,1,0,0,0,0,0,0,0,0,0,0,1,
3005,1262,South Hayward,Hayward,0,1,0,0,0,0,0,0,0,0,0,0,1,
3004,1261,South Hayward,Hayward,0,1,0,0,0,0,0,0,0,0,0,0,1,
3003,1260,South Hayward,Hayward,0,1,0,0,0,0,0,0,0,0,0,0,1,
3002,1259,Hayward,Bayfair,0,1,0,0,0,0,0,0,0,0,0,0,1,
3001,1258,Hayward,Bayfair,0,1,0,0,0,0,0,0,0,0,0,0,1,
3000,1257,Hayward,Bayfair,0,1,0,0,0,0,0,0,0,0,0,0,1,
2999,1256,Hayward,Bayfair,0,1,0,0,0,0,0,0,0,0,0,0,1,
2998,1255,Hayward,Bayfair,0,1,0,0,0,0,0,0,0,0,0,0,1,
2997,1254,Hayward,Bayfair,0,1,0,0,0,0,0,0,0,0,0,0,1,
2996,1253,Hayward,Bayfair,0,1,0,0,0,0,0,0,0,0,0,0,1,
2995,1252,Hayward,Bayfair,0,1,0,0,0,0,0,0,0,0,0,0,1,
2994,1251,Hayward,Bayfair,0,1,0,0,0,0,0,0,0,0,0,0,1,
2993,1250,Hayward,Bayfair,0,1,0,0,0,0,0,0,0,0,0,0,1,
2992,1249,Hayward,Bayfair,0,1,0,0,0,0,0,0,0,0,0,0,1,
2991,1248,Hayward,Bayfair,0,1,0,0,0,0,0,0,0,0,0,0,1,
2990,1247,Hayward,Bayfair,0,1,0,0,0,0,0,0,0,0,0,0,1,
2989,1246,Hayward,Bayfair,0,1,0,0,0,0,0,0,0,0,0,0,1,
2988,1245,Hayward,Bayfair,0,1,0,0,0,0,0,0,0,0,0,0,1,
2987,1244,Hayward,Bayfair,0,1,0,0,0,0,0,0,0,0,0,0,1,
2986,1243,Hayward,Bayfair,0,1,0,0,0,0,0,0,0,0,0,0,1,
2985,1242,Hayward,Bayfair,0,1,0,0,0,0,0,0,0,0,0,0,1,
2984,1241,Hayward,Bayfair,0,1,0,0,0,0,0,0,0,0,0,0,1,
2983,1240,Hayward,Bayfair,0,1,0,0,0,0,0,0,0,0,0,0,1,
2982,1239,Hayward,Bayfair,0,1,0,0,0,0,0,0,0,0,0,0,1,
2981,1238,Hayward,Bayfair,0,1,0,0,0,0,0,0,0,0,0,0,1,
2980,1237,Hayward,Bayfair,0,1,0,0,0,0,0,0,0,0,0,0,1,
2979,1236,Hayward,Bayfair,0,1,0,0,0,0,0,0,0,0,0,0,1,
2978,1235,Hayward,Bayfair,0,1,0,0,0,0,0,0,0,0,0,0,1,
2977,1234,Hayward,Bayfair,0,1,0,0,0,0,0,0,0,0,0,0,1,
2976,1233,Hayward,Bayfair,0,1,0,0,0,0,0,0,0,0,0,0,1,
2975,1232,Hayward,Bayfair,0,1,0,0,0,0,0,0,0,0,0,0,1,
2974,1231,Hayward,Bayfair,0,1,0,0,0,0,0,0,0,0,0,0,1,
2973,1230,Hayward,Bayfair,0,1,0,0,0,0,0,0,0,0,0,0,1,
2972,1229,Hayward,Bayfair,0,1,0,0,0,0,0,0,0,0,0,0,1,
2971,1228,Hayward,Bayfair,0,1,0,0,0,0,0,0,0,0,0,0,1,
2970,1227,Hayward,Bayfair,0,1,0,0,0,0,0,0,0,0,0,0,1,
2969,1226,Hayward,Bayfair,0,1,0,0,0,0,0,0,0,0,0,0,1,
2968,1225,Hayward,Bayfair,0,1,0,0,0,0,0,0,0,0,0,0,1,
2967,1224,Hayward,Bayfair,0,1,0,0,0,0,0,0,0,0,0,0,1,
2966,1223,Hayward,Bayfair,0,1,0,0,0,0,0,0,0,0,0,0,1,
2965,1222,Hayward,Bayfair,0,1,0,0,0,0,0,0,0,0,0,0,1,
2964,1221,Hayward,Bayfair,0,1,0,0,0,0,0,0,0,0,0,0,1,
2963,1220,Hayward,Bayfair,0,1,0,0,0,0,0,0,0,0,0,0,1,
2962,1219,Hayward,Bayfair,0,1,0,0,0,0,0,0,0,0,0,0,1,
2961,1218,Hayward,Bayfair,0,1,0,0,0,0,0,0,0,0,0,0,1,
2960,1217,Hayward,Bayfair,0,1,0,0,0,0,0,0,0,0,0,0,1,
2959,1216,Hayward,Bayfair,0,1,0,0,0,0,0,0,0,0,0,0,1,
2958,1215,Hayward,Bayfair,0,1,0,0,0,0,0,0,0,0,0,0,1,
2957,1214,Hayward,Bayfair,0,1,0,0,0,0,0,0,0,0,0,0,1,
2956,1213,Hayward,Bayfair,0,1,0,0,0,0,0,0,0,0,0,0,1,
2955,1212,Hayward,Bayfair,0,1,0,0,0,0,0,0,0,0,0,0,1,
2954,1211,Hayward,Bayfair,0,1,0,0,0,0,0,0,0,0,0,0,1,
2953,1210,Hayward,Bayfair,0,1,0,0,0,0,0,0,0,0,0,0,1,
2952,1209,Hayward,Bayfair,0,1,0,0,0,0,0,0,0,0,0,0,1,
2951,1208,Hayward,Bayfair,0,1,0,0,0,0,0,0,0,0,0,0,1,
2950,1207,Hayward,Bayfair,0,1,0,0,0,0,0,0,0,0,0,0,1,
2949,1206,Hayward,Bayfair,0,1,0,0,0,0,0,0,0,0,0,0,1,
2948,1205,Hayward,Bayfair,0,1,0,0,0,0,0,0,0,0,0,0,1,
2947,1204,Hayward,Bayfair,0,1,0,0,0,0,0,0,0,0,0,0,1,
2946,1203,Hayward,Bayfair,0,1,0,0,0,0,0,0,0,0,0,0,1,
2945,1202,Hayward,Bayfair,0,1,0,0,0,0,0,0,0,0,0,0,1,
2944,1201,Hayward,Bayfair,0,1,0,0,0,0,0,0,0,0,0,0,1,
2943,1200,Hayward,Bayfair,0,1,0,0,0,0,0,0,0,0,0,0,1,
2942,1199,Hayward,Bayfair,0,1,0,0,0,0,0,0,0,0,0,0,1,
2941,1198,Hayward,Bayfair,0,1,0,0,0,0,0,0,0,0,0,0,1,
2940,1197,Hayward,Bayfair,0,1,0,0,0,0,0,0,0,0,0,0,1,
2939,1196,Hayward,Bayfair,0,1,0,0,0,0,0,0,0,0,0,0,1,
2938,1195,Hayward,Bayfair,0,1,0,0,0,0,0,0,0,0,0,0,1,
2937,1194,Hayward,Bayfair,0,1,0,0,0,0,0,0,0,0,0,0,1,
2936,1193,Hayward,Bayfair,0,1,0,0,0,0,0,0,0,0,0,0,1,
2935,1192,Hayward,Bayfair,0,1,0,0,0,0,0,0,0,0,0,0,1,
2934,1191,Hayward,Bayfair,0,1,0,0,0,0,0,0,0,0,0,0,1,
2933,1190,Hayward,Bayfair,0,1,0,0,0,0,0,0,0,0,0,0,1,
2932,1189,Hayward,Bayfair,0,1,0,0,0,0,0,0,0,0,0,0,1,
2931,1188,Hayward,Bayfair,0,1,0,0,0,0,0,0,0,0,0,0,1,
2930,1187,Hayward,Bayfair,0,1,0,0,0,0,0,0,0,0,0,0,1,
2929,1186,Hayward,Bayfair,0,1,0,0,0,0,0,0,0,0,0,0,1,
2928,1185,Hayward,Bayfair,0,1,0,0,0,0,0,0,0,0,0,0,1,
2927,1184,Hayward,Bayfair,0,1,0,0,0,0,0,0,0,0,0,0,1,
2926,1183,Hayward,Bayfair,0,1,0,0,0,0,0,0,0,0,0,0,1,
2925,1182,Hayward,Bayfair,0,1,0,0,0,0,0,0,0,0,0,0,1,
2924,1181,Hayward,Bayfair,0,1,0,0,0,0,0,0,0,0,0,0,1,
2923,1180,Hayward,Bayfair,0,1,0,0,0,0,0,0,0,0,0,0,1,
2922,1179,Hayward,Bayfair,0,1,0,0,0,0,0,0,0,0,0,0,1,
2921,1178,Hayward,Bayfair,0,1,0,0,0,0,0,0,0,0,0,0,1,
2920,1177,Hayward,Bayfair,0,1,0,0,0,0,0,0,0,0,0,0,1,
2919,1176,Hayward,Bayfair,0,1,0,0,0,0,0,0,0,0,0,0,1,
2918,1175,Hayward,Bayfair,0,1,0,0,0,0,0,0,0,0,0,0,1,
2917,1174,Hayward,Bayfair,0,1,0,0,0,0,0,0,0,0,0,0,1,
2916,1173,Hayward,Bayfair,0,1,0,0,0,0,0,0,0,0,0,0,1,
2915,1172,Hayward,Bayfair,0,1,0,0,0,0,0,0,0,0,0,0,1,
2914,1171,Hayward,Bayfair,0,1,0,0,0,0,0,0,0,0,0,0,1,
2913,1170,Hayward,Bayfair,0,1,0,0,0,0,0,0,0,0,0,0,1,
2912,1169,Hayward,Bayfair,0,1,0,0,0,0,0,0,0,0,0,0,1,
2911,1168,Hayward,Bayfair,0,1,0,0,0,0,0,0,0,0,0,0,1,
2910,1167,Hayward,Bayfair,0,1,0,0,0,0,0,0,0,0,0,0,1,
2909,1166,Hayward,Bayfair,0,1,0,0,0,0,0,0,0,0,0,0,1,
2908,1165,Hayward,Bayfair,0,1,0,0,0,0,0,0,0,0,0,0,1,
2907,1164,Hayward,Bayfair,0,1,0,0,0,0,0,0,0,0,0,0,1,
2906,1163,Hayward,Bayfair,0,1,0,0,0,0,0,0,0,0,0,0,1,
2905,1162,Hayward,Bayfair,0,1,0,0,0,0,0,0,0,0,0,0,1,
2904,1161,Hayward,Bayfair,0,1,0,0,0,0,0,0,0,0,0,0,1,
2903,1160,Hayward,Bayfair,0,1,0,0,0,0,0,0,0,0,0,0,1,
2902,1159,Hayward,Bayfair,0,1,0,0,0,0,0,0,0,0,0,0,1,
2901,1158,Hayward,Bayfair,0,1,0,0,0,0,0,0,0,0,0,0,1,
2900,1157,Hayward,Bayfair,0,1,0,0,0,0,0,0,0,0,0,0,1,
2899,1156,Hayward,Bayfair,0,1,0,0,0,0,0,0,0,0,0,0,1,
2898,1155,Hayward,Bayfair,0,1,0,0,0,0,0,0,0,0,0,0,1,
2897,1154,Hayward,Bayfair,0,1,0,0,0,0,0,0,0,0,0,0,1,
2896,1153,Hayward,Bayfair,0,1,0,0,0,0,0,0,0,0,0,0,1,
2895,1152,Hayward,Bayfair,0,1,0,0,0,0,0,0,0,0,0,0,1,
2894,1151,Hayward,Bayfair,0,1,0,0,0,0,0,0,0,0,0,0,1,
2893,1150,Hayward,Bayfair,0,1,0,0,0,0,0,0,0,0,0,0,1,
2892,1149,Hayward,Bayfair,0,1,0,0,0,0,0,0,0,0,0,0,1,
2891,1148,Hayward,Bayfair,0,1,0,0,0,0,0,0,0,0,0,0,1,
2890,1147,Hayward,Bayfair,0,1,0,0,0,0,0,0,0,0,0,0,1,
2889,1146,Hayward,Bayfair,0,1,0,0,0,0,0,0,0,0,0,0,1,
2888,1145,Hayward,Bayfair,0,1,0,0,0,0,0,0,0,0,0,0,1,
2887,1144,Hayward,Bayfair,0,1,0,0,0,0,0,0,0,0,0,0,1,
2886,1143,Hayward,Bayfair,0,1,0,0,0,0,0,0,0,0,0,0,1,
2885,1142,Hayward,Bayfair,0,1,0,0,0,0,0,0,0,0,0,0,1,
2884,1141,Hayward,Bayfair,0,1,0,0,0,0,0,0,0,0,0,0,1,
2883,1140,Hayward,Bayfair,0,1,0,0,0,0,0,0,0,0,0,0,1,
2882,1139,Hayward,Bayfair,0,1,0,0,0,0,0,0,0,0,0,0,1,
2881,1138,Hayward,Bayfair,0,1,0,0,0,0,0,0,0,0,0,0,1,
2880,1137,Hayward,Bayfair,0,1,0,0,0,0,0,0,0,0,0,0,1,
2879,1136,Hayward,Bayfair,0,1,0,0,0,0,0,0,0,0,0,0,1,
2878,1135,Hayward,Bayfair,0,1,0,0,0,0,0,0,0,0,0,0,1,
2877,1134,Hayward,Bayfair,0,1,0,0,0,0,0,0,0,0,0,0,1,
2876,1133,Hayward,Bayfair,0,1,0,0,0,0,0,0,0,0,0,0,1,
2875,1132,Hayward,Bayfair,0,1,0,0,0,0,0,0,0,0,0,0,1,
2874,1131,Hayward,Bayfair,0,1,0,0,0,0,0,0,0,0,0,0,1,
2873,1130,Hayward,Bayfair,0,1,0,0,0,0,0,0,0,0,0,0,1,
2872,1129,Hayward,Bayfair,0,1,0,0,0,0,0,0,0,0,0,0,1,
2871,1128,Hayward,Bayfair,0,1,0,0,0,0,0,0,0,0,0,0,1,
2870,1127,Hayward,Bayfair,0,1,0,0,0,0,0,0,0,0,0,0,1,
2869,1126,Hayward,Bayfair,0,1,0,0,0,0,0,0,0,0,0,0,1,
2868,1125,Hayward,Bayfair,0,1,0,0,0,0,0,0,0,0,0,0,1,
2867,1124,Hayward,Bayfair,0,1,0,0,0,0,0,0,0,0,0,0,1,
2866,1123,Hayward,Bayfair,0,1,0,0,0,0,0,0,0,0,0,1,1,
2865,1122,Hayward,Bayfair,0,1,0,0,0,0,0,0,0,0,0,1,1,
2864,1121,Hayward,Bayfair,0,1,0,0,0,0,0,0,0,0,0,1,1,
2863,1120,Hayward,Bayfair,0,1,0,0,0,0,0,0,0,0,0,1,1,
2862,1119,Hayward,Bayfair,0,1,0,0,0,0,0,0,0,0,0,1,1,
2861,1118,Hayward,Bayfair,0,1,0,0,0,0,0,0,0,0,0,1,1,
2860,1117,Hayward,Bayfair,0,1,0,0,0,0,0,0,0,0,0,1,1,
2859,1116,Hayward,Bayfair,0,1,0,0,0,0,0,0,0,0,0,1,1,
2858,1115,Hayward,Bayfair,0,1,0,0,0,0,0,0,0,0,0,1,1,
2857,1114,Hayward,Bayfair,0,1,0,0,0,0,0,0,0,0,0,1,1,
2856,1113,Hayward,Bayfair,0,1,0,0,0,0,0,0,0,0,0,1,1,
2855,1112,Bayfair,San Leandro,0,1,0,0,0,0,0,0,0,0,0,1,1,
2854,1111,Bayfair,San Leandro,0,1,0,0,0,0,0,0,0,0,0,1,1,
2853,1110,Bayfair,San Leandro,0,1,0,0,0,0,0,0,0,0,0,1,1,
2852,1109,Bayfair,San Leandro,0,1,0,0,0,0,0,0,0,0,0,1,1,
2851,1108,Bayfair,San Leandro,0,1,0,0,0,0,0,0,0,0,0,1,1,
2850,1107,Bayfair,San Leandro,0,1,0,0,0,0,0,0,0,0,0,1,1,
2849,1106,Bayfair,San Leandro,0,1,0,0,0,0,0,0,0,0,0,1,1,
2848,1105,Bayfair,San Leandro,0,1,0,0,0,0,0,0,0,0,0,1,1,
2847,1104,Bayfair,San Leandro,0,1,0,0,0,0,0,0,0,0,0,1,1,
2846,1103,Bayfair,San Leandro,0,1,0,0,0,0,0,0,0,0,0,1,1,
2845,1102,Bayfair,San Leandro,0,1,0,0,0,0,0,0,0,0,0,1,1,
2844,1101,Bayfair,San Leandro,0,1,0,0,0,0,0,0,0,0,0,1,1,
2843,1100,Bayfair,San Leandro,0,1,0,0,0,0,0,0,0,0,0,1,1,
2842,1099,Bayfair,San Leandro,0,1,0,0,0,0,0,0,0,0,0,1,1,
2841,1098,Bayfair,San Leandro,0,1,0,0,0,0,0,0,0,0,0,1,1,
2840,1097,Bayfair,San Leandro,0,1,0,0,0,0,0,0,0,0,0,1,1,
2839,1096,Bayfair,San Leandro,0,1,0,0,0,0,0,0,0,0,0,1,1,
2838,1095,Bayfair,San Leandro,0,1,0,0,0,0,0,0,0,0,0,1,1,
2837,1094,Bayfair,San Leandro,0,1,0,0,0,0,0,0,0,0,0,1,1,
2836,1093,Bayfair,San Leandro,0,1,0,0,0,0,0,0,0,0,0,1,1,
2835,1092,Bayfair,San Leandro,0,1,0,0,0,0,0,0,0,0,0,1,1,
2834,1091,Bayfair,San Leandro,0,1,0,0,0,0,0,0,0,0,0,1,1,
2833,1090,Bayfair,San Leandro,0,1,0,0,0,0,0,0,0,0,0,1,1,
2832,1089,Bayfair,San Leandro,0,1,0,0,0,0,0,0,0,0,0,1,1,
2831,1088,Bayfair,San Leandro,0,1,0,0,0,0,0,0,0,0,0,1,1,
2830,1087,Bayfair,San Leandro,0,1,0,0,0,0,0,0,0,0,0,1,1,
2829,1086,Bayfair,San Leandro,0,1,0,0,0,0,0,0,0,0,0,1,1,
2828,1085,Bayfair,San Leandro,0,1,0,0,0,0,0,0,0,0,0,1,1,
2827,1084,Bayfair,San Leandro,0,1,0,0,0,0,0,0,0,0,0,1,1,
2826,1083,Bayfair,San Leandro,0,1,0,0,0,0,0,0,0,0,0,1,1,
2825,1082,Bayfair,San Leandro,0,1,0,0,0,0,0,0,0,0,0,1,1,
2824,1081,Bayfair,San Leandro,0,1,0,0,0,0,0,0,0,0,0,1,1,
2823,1080,Bayfair,San Leandro,0,1,0,0,0,0,0,0,0,0,0,1,1,
2822,1079,Bayfair,San Leandro,0,1,0,0,0,0,0,0,0,0,0,1,1,
2821,1078,Bayfair,San Leandro,0,1,0,0,0,0,0,0,0,0,0,1,1,
2820,1077,Bayfair,San Leandro,0,1,0,0,0,0,0,0,0,0,0,1,1,
2819,1076,Bayfair,San Leandro,0,1,0,0,0,0,0,0,0,0,0,1,1,
2818,1075,Bayfair,San Leandro,0,1,0,0,0,0,0,0,0,0,0,1,1,
2817,1074,Bayfair,San Leandro,0,1,0,0,0,0,0,0,0,0,0,1,1,
2816,1073,Bayfair,San Leandro,0,1,0,0,0,0,0,0,0,0,0,1,1,
2815,1072,Bayfair,San Leandro,0,1,0,0,0,0,0,0,0,0,0,1,1,
2814,1071,Bayfair,San Leandro,0,1,0,0,0,0,0,0,0,0,0,1,1,
2813,1070,Bayfair,San Leandro,0,1,0,0,0,0,0,0,0,0,0,1,1,
2812,1069,Bayfair,San Leandro,0,1,0,0,0,0,0,0,0,0,0,1,1,
2811,1068,Bayfair,San Leandro,0,1,0,0,0,0,0,0,0,0,0,1,1,
2810,1067,Bayfair,San Leandro,0,1,0,0,0,0,0,0,0,0,0,1,1,
2809,1066,Bayfair,San Leandro,0,1,0,0,0,0,0,0,0,0,0,1,1,
2808,1065,Bayfair,San Leandro,0,1,0,0,0,0,0,0,0,0,0,1,1,
2807,1064,Bayfair,San Leandro,0,1,0,0,0,0,0,0,0,0,0,1,1,
2806,1063,Bayfair,San Leandro,0,1,0,0,0,0,0,0,0,0,0,1,1,
2805,1062,Bayfair,San Leandro,0,1,0,0,0,0,0,0,0,0,0,1,1,
2804,1061,Bayfair,San Leandro,0,1,0,0,0,0,0,0,0,0,0,1,1,
2803,1060,Bayfair,San Leandro,0,1,0,0,0,0,0,0,0,0,0,1,1,
2802,1059,Bayfair,San Leandro,0,1,0,0,0,0,0,0,0,0,0,1,1,
2801,1058,Bayfair,San Leandro,0,1,0,0,0,0,0,0,0,0,0,1,1,
2800,1057,Bayfair,San Leandro,0,1,0,0,0,0,0,0,0,0,0,1,1,
2799,1056,Bayfair,San Leandro,0,1,0,0,0,0,0,0,0,0,0,1,1,
2798,1055,Bayfair,San Leandro,0,1,0,0,0,0,0,0,0,0,0,1,1,
2797,1054,Bayfair,San Leandro,0,1,0,0,0,0,0,0,0,0,0,1,1,
2796,1053,Bayfair,San Leandro,0,1,0,0,0,0,0,0,0,0,0,1,1,
2795,1052,Bayfair,San Leandro,0,1,0,0,0,0,0,0,0,0,0,1,1,
2794,1051,Bayfair,San Leandro,0,1,0,0,0,0,0,0,0,0,0,1,1,
2793,1050,Bayfair,San Leandro,0,1,0,0,0,0,0,0,0,0,0,1,1,
2792,1049,Bayfair,San Leandro,0,1,0,0,0,0,0,0,0,0,0,1,1,
2791,1048,Bayfair,San Leandro,0,1,0,0,0,0,0,0,0,0,0,1,1,
2790,1047,Bayfair,San Leandro,0,1,0,0,0,0,0,0,0,0,0,1,1,
2789,1046,Bayfair,San Leandro,0,1,0,0,0,0,0,0,0,0,0,1,1,
2788,1045,Bayfair,San Leandro,0,1,0,0,0,0,0,0,0,0,0,1,1,
2787,1044,Bayfair,San Leandro,0,1,0,0,0,0,0,0,0,0,0,1,1,
2786,1043,Bayfair,San Leandro,0,1,0,0,0,0,0,0,0,0,0,1,1,
2785,1042,Bayfair,San Leandro,0,1,0,0,0,0,0,0,0,0,0,1,1,
2784,1041,Bayfair,San Leandro,0,1,0,0,0,0,0,0,0,0,0,1,1,
2783,1040,Bayfair,San Leandro,0,1,0,0,0,0,0,0,0,0,0,1,1,
2782,1039,Bayfair,San Leandro,0,1,0,0,0,0,0,0,0,0,0,1,1,
2781,1038,Bayfair,San Leandro,0,1,0,0,0,0,0,0,0,0,0,1,1,
2780,1037,Bayfair,San Leandro,0,1,0,0,0,0,0,0,0,0,0,1,1,
2779,1036,Bayfair,San Leandro,0,1,0,0,0,0,0,0,0,0,0,1,1,
2778,1035,Bayfair,San Leandro,0,1,0,0,0,0,0,0,0,0,0,1,1,
2777,1034,Bayfair,San Leandro,0,1,0,0,0,0,0,0,0,0,0,1,1,
2776,1033,Bayfair,San Leandro,0,1,0,0,0,0,0,0,0,0,0,1,1,
2775,1032,Bayfair,San Leandro,0,1,0,0,0,0,0,0,0,0,0,1,1,
2774,1031,Bayfair,San Leandro,0,1,0,0,0,0,0,0,0,0,0,1,1,
2773,1030,Bayfair,San Leandro,0,1,0,0,0,0,0,0,0,0,0,1,1,
2772,1029,Bayfair,San Leandro,0,1,0,0,0,0,0,0,0,0,0,1,1,
2771,1028,Bayfair,San Leandro,0,1,0,0,0,0,0,0,0,0,0,1,1,
2770,1027,Bayfair,San Leandro,0,1,0,0,0,0,0,0,0,0,0,1,1,
2769,1026,Bayfair,San Leandro,0,1,0,0,0,0,0,0,0,0,0,1,1,
2768,1025,Bayfair,San Leandro,0,1,0,0,0,0,0,0,0,0,0,1,1,
2767,1024,Bayfair,San Leandro,0,1,0,0,0,0,0,0,0,0,0,1,1,
2766,1023,Bayfair,San Leandro,0,1,0,0,0,0,0,0,0,0,0,1,1,
2765,1022,Bayfair,San Leandro,0,1,0,0,0,0,0,0,0,0,0,1,1,
2764,1021,Bayfair,San Leandro,0,1,0,0,0,0,0,0,0,0,0,1,1,
2763,1020,Bayfair,San Leandro,0,1,0,0,0,0,0,0,0,0,0,1,1,
2762,1019,Bayfair,San Leandro,0,1,0,0,0,0,0,0,0,0,0,1,1,
2761,1018,Bayfair,San Leandro,0,1,0,0,0,0,0,0,0,0,0,1,1,
2760,1017,Bayfair,San Leandro,0,1,0,0,0,0,0,0,0,0,0,1,1,
2759,1016,Bayfair,San Leandro,0,1,0,0,0,0,0,0,0,0,0,1,1,
2758,1015,Bayfair,San Leandro,0,1,0,0,0,0,0,0,0,0,0,1,1,
2757,1014,Bayfair,San Leandro,0,1,0,0,0,0,0,0,0,0,0,1,1,
2756,1013,Bayfair,San Leandro,0,1,0,0,0,0,0,0,0,0,0,1,1,
2755,1012,Bayfair,San Leandro,0,1,0,0,0,0,0,0,0,0,0,1,1,
2754,1011,Bayfair,San Leandro,0,1,0,0,0,0,0,0,0,0,0,1,1,
2753,1010,Bayfair,San Leandro,0,1,0,0,0,0,0,0,0,0,0,1,1,
2752,1009,Bayfair,San Leandro,0,1,0,0,0,0,0,0,0,0,0,1,1,
2751,1008,Bayfair,San Leandro,0,1,0,0,0,0,0,0,0,0,0,1,1,
2750,1007,Bayfair,San Leandro,0,1,0,0,0,0,0,0,0,0,0,1,1,
2749,1006,Bayfair,San Leandro,0,1,0,0,0,0,0,0,0,0,0,1,1,
2748,1005,Bayfair,San Leandro,0,1,0,0,0,0,0,0,0,0,0,1,1,
2747,1004,Bayfair,San Leandro,0,1,0,0,0,0,0,0,0,0,0,1,1,
2746,1003,Bayfair,San Leandro,0,1,0,0,0,0,0,0,0,0,0,1,1,
2745,1002,Bayfair,San Leandro,0,1,0,0,0,0,0,0,0,0,0,1,1,
2744,1001,Bayfair,San Leandro,0,1,0,0,0,0,0,0,0,0,0,1,1,
2743,1000,Bayfair,San Leandro,0,1,0,0,0,0,0,0,0,0,0,1,1,
2742,999,Bayfair,San Leandro,0,1,0,0,0,0,0,0,0,0,0,1,1,
2741,998,Bayfair,San Leandro,0,1,0,0,0,0,0,0,0,0,0,1,1,
2740,997,Bayfair,San Leandro,0,1,0,0,0,0,0,0,0,0,0,1,1,
2739,996,Bayfair,San Leandro,0,1,0,0,0,0,0,0,0,0,0,1,1,
2738,995,Bayfair,San Leandro,0,1,0,0,0,0,0,0,0,0,0,1,1,
2737,994,Bayfair,San Leandro,0,1,0,0,0,0,0,0,0,0,0,1,1,
2736,993,Bayfair,San Leandro,0,1,0,0,0,0,0,0,0,0,0,1,1,
2735,992,Bayfair,San Leandro,0,1,0,0,0,0,0,0,0,0,0,1,1,
2734,991,Bayfair,San Leandro,0,1,0,0,0,0,0,0,0,0,0,1,1,
2733,990,Bayfair,San Leandro,0,1,0,0,0,0,0,0,0,0,0,1,1,
2732,989,Bayfair,San Leandro,0,1,0,0,0,0,0,0,0,0,0,1,1,
2731,988,Bayfair,San Leandro,0,1,0,0,0,0,0,0,0,0,0,1,1,
2730,987,Bayfair,San Leandro,0,1,0,0,0,0,0,0,0,0,0,1,1,
2729,986,Bayfair,San Leandro,0,1,0,0,0,0,0,0,0,0,0,1,1,
2728,985,Bayfair,San Leandro,0,1,0,0,0,0,0,0,0,0,0,1,1,
2727,984,Bayfair,San Leandro,0,1,0,0,0,0,0,0,0,0,0,1,1,
2726,983,Bayfair,San Leandro,0,1,0,0,0,0,0,0,0,0,0,1,1,
2725,982,Bayfair,San Leandro,0,1,0,0,0,0,0,0,0,0,0,1,1,
2724,981,Bayfair,San Leandro,0,1,0,0,0,0,0,0,0,0,0,1,1,
2723,980,Bayfair,San Leandro,0,1,0,0,0,0,0,0,0,0,0,1,1,
2722,979,Bayfair,San Leandro,0,1,0,0,0,0,0,0,0,0,0,1,1,
2721,978,Bayfair,San Leandro,0,1,0,0,0,0,0,0,0,0,0,1,1,
2720,977,Bayfair,San Leandro,0,1,0,0,0,0,0,0,0,0,0,1,1,
2719,976,Bayfair,San Leandro,0,1,0,0,0,0,0,0,0,0,0,1,1,
2718,975,Bayfair,San Leandro,0,1,0,0,0,0,0,0,0,0,0,1,1,
2717,974,Bayfair,San Leandro,0,1,0,0,0,0,0,0,0,0,0,1,1,
2716,973,Bayfair,San Leandro,0,1,0,0,0,0,0,0,0,0,0,1,1,
2715,972,Bayfair,San Leandro,0,1,0,0,0,0,0,0,0,0,0,1,1,
2714,971,Bayfair,San Leandro,0,1,0,0,0,0,0,0,0,0,0,1,1,
2713,970,Bayfair,San Leandro,0,1,0,0,0,0,0,0,0,0,0,1,1,
2712,969,Bayfair,San Leandro,0,1,0,0,0,0,0,0,0,0,0,1,1,
2711,968,Bayfair,San Leandro,0,1,0,0,0,0,0,0,0,0,0,1,1,
2710,967,San Leandro,Coliseum/Oakland Airport,0,1,0,0,0,0,0,0,0,0,0,1,1,
2709,966,San Leandro,Coliseum/Oakland Airport,0,1,0,0,0,0,0,0,0,0,0,1,1,
2708,965,San Leandro,Coliseum/Oakland Airport,0,1,0,0,0,0,0,0,0,0,0,1,1,
2707,964,San Leandro,Coliseum/Oakland Airport,0,1,0,0,0,0,0,0,0,0,0,1,1,
2706,963,San Leandro,Coliseum/Oakland Airport,0,1,0,0,0,0,0,0,0,0,0,1,1,
2705,962,San Leandro,Coliseum/Oakland Airport,0,1,0,0,0,0,0,0,0,0,0,1,1,
2704,961,San Leandro,Coliseum/Oakland Airport,0,1,0,0,0,0,0,0,0,0,0,1,1,
2703,960,San Leandro,Coliseum/Oakland Airport,0,1,0,0,0,0,0,0,0,0,0,1,1,
2702,959,San Leandro,Coliseum/Oakland Airport,0,1,0,0,0,0,0,0,0,0,0,1,1,
2701,958,San Leandro,Coliseum/Oakland Airport,0,1,0,0,0,0,0,0,0,0,0,1,1,
2700,957,San Leandro,Coliseum/Oakland Airport,0,1,0,0,0,0,0,0,0,0,0,1,1,
2699,956,San Leandro,Coliseum/Oakland Airport,0,1,0,0,0,0,0,0,0,0,0,1,1,
2698,955,San Leandro,Coliseum/Oakland Airport,0,1,0,0,0,0,0,0,0,0,0,1,1,
2697,954,San Leandro,Coliseum/Oakland Airport,0,1,0,0,0,0,0,0,0,0,0,1,1,
2696,953,San Leandro,Coliseum/Oakland Airport,0,1,0,0,0,0,0,0,0,0,0,1,1,
2695,952,San Leandro,Coliseum/Oakland Airport,0,1,0,0,0,0,0,0,0,0,0,1,1,
2694,951,San Leandro,Coliseum/Oakland Airport,0,1,0,0,0,0,0,0,0,0,0,1,1,
2693,950,San Leandro,Coliseum/Oakland Airport,0,1,0,0,0,0,0,0,0,0,0,1,1,
2692,949,San Leandro,Coliseum/Oakland Airport,0,1,0,0,0,0,0,0,0,0,0,1,1,
2691,948,San Leandro,Coliseum/Oakland Airport,0,1,0,0,0,0,0,0,0,0,0,1,1,
2690,947,San Leandro,Coliseum/Oakland Airport,0,1,0,0,0,0,0,0,0,0,0,1,1,
2689,946,San Leandro,Coliseum/Oakland Airport,0,1,0,0,0,0,0,0,0,0,0,1,1,
2688,945,San Leandro,Coliseum/Oakland Airport,0,1,0,0,0,0,0,0,0,0,0,1,1,
2687,944,San Leandro,Coliseum/Oakland Airport,0,1,0,0,0,0,0,0,0,0,0,1,1,
2686,943,San Leandro,Coliseum/Oakland Airport,0,1,0,0,0,0,0,0,0,0,0,1,1,
2685,942,San Leandro,Coliseum/Oakland Airport,0,1,0,0,0,0,0,0,0,0,0,1,1,
2684,941,San Leandro,Coliseum/Oakland Airport,0,1,0,0,0,0,0,0,0,0,0,1,1,
2683,940,San Leandro,Coliseum/Oakland Airport,0,1,0,0,0,0,0,0,0,0,0,1,1,
2682,939,San Leandro,Coliseum/Oakland Airport,0,1,0,0,0,0,0,0,0,0,0,1,1,
2681,938,San Leandro,Coliseum/Oakland Airport,0,1,0,0,0,0,0,0,0,0,0,1,1,
2680,937,San Leandro,Coliseum/Oakland Airport,0,1,0,0,0,0,0,0,0,0,0,1,1,
2679,936,San Leandro,Coliseum/Oakland Airport,0,1,0,0,0,0,0,0,0,0,0,1,1,
2678,935,San Leandro,Coliseum/Oakland Airport,0,1,0,0,0,0,0,0,0,0,0,1,1,
2677,934,San Leandro,Coliseum/Oakland Airport,0,1,0,0,0,0,0,0,0,0,0,1,1,
2676,933,San Leandro,Coliseum/Oakland Airport,0,1,0,0,0,0,0,0,0,0,0,1,1,
2675,932,San Leandro,Coliseum/Oakland Airport,0,1,0,0,0,0,0,0,0,0,0,1,1,
2674,931,San Leandro,Coliseum/Oakland Airport,0,1,0,0,0,0,0,0,0,0,0,1,1,
2673,930,San Leandro,Coliseum/Oakland Airport,0,1,0,0,0,0,0,0,0,0,0,1,1,
2672,929,San Leandro,Coliseum/Oakland Airport,0,1,0,0,0,0,0,0,0,0,0,1,1,
2671,928,San Leandro,Coliseum/Oakland Airport,0,1,0,0,0,0,0,0,0,0,0,1,1,
2670,927,San Leandro,Coliseum/Oakland Airport,0,1,0,0,0,0,0,0,0,0,0,1,1,
2669,926,San Leandro,Coliseum/Oakland Airport,0,1,0,0,0,0,0,0,0,0,0,1,1,
2668,925,San Leandro,Coliseum/Oakland Airport,0,1,0,0,0,0,0,0,0,0,0,1,1,
2667,924,San Leandro,Coliseum/Oakland Airport,0,1,0,0,0,0,0,0,0,0,0,1,1,
2666,923,San Leandro,Coliseum/Oakland Airport,0,1,0,0,0,0,0,0,0,0,0,1,1,
2665,922,San Leandro,Coliseum/Oakland Airport,0,1,0,0,0,0,0,0,0,0,0,1,1,
2664,921,San Leandro,Coliseum/Oakland Airport,0,1,0,0,0,0,0,0,0,0,0,1,1,
2663,920,San Leandro,Coliseum/Oakland Airport,0,1,0,0,0,0,0,0,0,0,0,1,1,
2662,919,San Leandro,Coliseum/Oakland Airport,0,1,0,0,0,0,0,0,0,0,0,1,1,
2661,918,San Leandro,Coliseum/Oakland Airport,0,1,0,0,0,0,0,0,0,0,0,1,1,
2660,917,San Leandro,Coliseum/Oakland Airport,0,1,0,0,0,0,0,0,0,0,0,1,1,
2659,916,San Leandro,Coliseum/Oakland Airport,0,1,0,0,0,0,0,0,0,0,0,1,1,
2658,915,San Leandro,Coliseum/Oakland Airport,0,1,0,0,0,0,0,0,0,0,0,1,1,
2657,914,San Leandro,Coliseum/Oakland Airport,0,1,0,0,0,0,0,0,0,0,0,1,1,
2656,913,San Leandro,Coliseum/Oakland Airport,0,1,0,0,0,0,0,0,0,0,0,1,1,
2655,912,San Leandro,Coliseum/Oakland Airport,0,1,0,0,0,0,0,0,0,0,0,1,1,
2654,911,San Leandro,Coliseum/Oakland Airport,0,1,0,0,0,0,0,0,0,0,0,1,1,
2653,910,San Leandro,Coliseum/Oakland Airport,0,1,0,0,0,0,0,0,0,0,0,1,1,
2652,909,San Leandro,Coliseum/Oakland Airport,0,1,0,0,0,0,0,0,0,0,0,1,1,
2651,908,San Leandro,Coliseum/Oakland Airport,0,1,0,0,0,0,0,0,0,0,0,1,1,
2650,907,San Leandro,Coliseum/Oakland Airport,0,1,0,0,0,0,0,0,0,0,0,1,1,
2649,906,San Leandro,Coliseum/Oakland Airport,0,1,0,0,0,0,0,0,0,0,0,1,1,
2648,905,San Leandro,Coliseum/Oakland Airport,0,1,0,0,0,0,0,0,0,0,0,1,1,
2647,904,San Leandro,Coliseum/Oakland Airport,0,1,0,0,0,0,0,0,0,0,0,1,1,
2646,903,San Leandro,Coliseum/Oakland Airport,0,1,0,0,0,0,0,0,0,0,0,1,1,
2645,902,San Leandro,Coliseum/Oakland Airport,0,1,0,0,0,0,0,0,0,0,0,1,1,
2644,901,San Leandro,Coliseum/Oakland Airport,0,1,0,0,0,0,0,0,0,0,0,1,1,
2643,900,San Leandro,Coliseum/Oakland Airport,0,1,0,0,0,0,0,0,0,0,0,1,1,
2642,899,San Leandro,Coliseum/Oakland Airport,0,1,0,0,0,0,0,0,0,0,0,1,1,
2641,898,San Leandro,Coliseum/Oakland Airport,0,1,0,0,0,0,0,0,0,0,0,1,1,
2640,897,San Leandro,Coliseum/Oakland Airport,0,1,0,0,0,0,0,0,0,0,0,1,1,
2639,896,San Leandro,Coliseum/Oakland Airport,0,1,0,0,0,0,0,0,0,0,0,1,1,
2638,895,San Leandro,Coliseum/Oakland Airport,0,1,0,0,0,0,0,0,0,0,0,1,1,
2637,894,San Leandro,Coliseum/Oakland Airport,0,1,0,0,0,0,0,0,0,0,0,1,1,
2636,893,San Leandro,Coliseum/Oakland Airport,0,1,0,0,0,0,0,0,0,0,0,1,1,
2635,892,San Leandro,Coliseum/Oakland Airport,0,1,0,0,0,0,0,0,0,0,0,1,1,
2634,891,San Leandro,Coliseum/Oakland Airport,0,1,0,0,0,0,0,0,0,0,0,1,1,
2633,890,San Leandro,Coliseum/Oakland Airport,0,1,0,0,0,0,0,0,0,0,0,1,1,
2632,889,San Leandro,Coliseum/Oakland Airport,0,1,0,0,0,0,0,0,0,0,0,1,1,
2631,888,San Leandro,Coliseum/Oakland Airport,0,1,0,0,0,0,0,0,0,0,0,1,1,
2630,887,San Leandro,Coliseum/Oakland Airport,0,1,0,0,0,0,0,0,0,0,0,1,1,
2629,886,San Leandro,Coliseum/Oakland Airport,0,1,0,0,0,0,0,0,0,0,0,1,1,
2628,885,San Leandro,Coliseum/Oakland Airport,0,1,0,0,0,0,0,0,0,0,0,1,1,
2627,884,San Leandro,Coliseum/Oakland Airport,0,1,0,0,0,0,0,0,0,0,0,1,1,
2626,883,San Leandro,Coliseum/Oakland Airport,0,1,0,0,0,0,0,0,0,0,0,1,1,
2625,882,San Leandro,Coliseum/Oakland Airport,0,1,0,0,0,0,0,0,0,0,0,1,1,
2624,881,San Leandro,Coliseum/Oakland Airport,0,1,0,0,0,0,0,0,0,0,0,1,1,
2623,880,San Leandro,Coliseum/Oakland Airport,0,1,0,0,0,0,0,0,0,0,0,1,1,
2622,879,San Leandro,Coliseum/Oakland Airport,0,1,0,0,0,0,0,0,0,0,0,1,1,
2621,878,San Leandro,Coliseum/Oakland Airport,0,1,0,0,0,0,0,0,0,0,0,1,1,
2620,877,San Leandro,Coliseum/Oakland Airport,0,1,0,0,0,0,0,0,0,0,0,1,1,
2619,876,San Leandro,Coliseum/Oakland Airport,0,1,0,0,0,0,0,0,0,0,0,1,1,
2618,875,San Leandro,Coliseum/Oakland Airport,0,1,0,0,0,0,0,0,0,0,0,1,1,
2617,874,San Leandro,Coliseum/Oakland Airport,0,1,0,0,0,0,0,0,0,0,0,1,1,
2616,873,San Leandro,Coliseum/Oakland Airport,0,1,0,0,0,0,0,0,0,0,0,1,1,
2615,872,San Leandro,Coliseum/Oakland Airport,0,1,0,0,0,0,0,0,0,0,0,1,1,
2614,871,San Leandro,Coliseum/Oakland Airport,0,1,0,0,0,0,0,0,0,0,0,1,1,
2613,870,San Leandro,Coliseum/Oakland Airport,0,1,0,0,0,0,0,0,0,0,0,1,1,
2612,869,San Leandro,Coliseum/Oakland Airport,0,1,0,0,0,0,0,0,0,0,0,1,1,
2611,868,San Leandro,Coliseum/Oakland Airport,0,1,0,0,0,0,0,0,0,0,0,1,1,
2610,867,San Leandro,Coliseum/Oakland Airport,0,1,0,0,0,0,0,0,0,0,0,1,1,
2609,866,San Leandro,Coliseum/Oakland Airport,0,1,0,0,0,0,0,0,0,0,0,1,1,
2608,865,San Leandro,Coliseum/Oakland Airport,0,1,0,0,0,0,0,0,0,0,0,1,1,
2607,864,San Leandro,Coliseum/Oakland Airport,0,1,0,0,0,0,0,0,0,0,0,1,1,
2606,863,San Leandro,Coliseum/Oakland Airport,0,1,0,0,0,0,0,0,0,0,0,1,1,
2605,862,San Leandro,Coliseum/Oakland Airport,0,1,0,0,0,0,0,0,0,0,0,1,1,
2604,861,San Leandro,Coliseum/Oakland Airport,0,1,0,0,0,0,0,0,0,0,0,1,1,
2603,860,San Leandro,Coliseum/Oakland Airport,0,1,0,0,0,0,0,0,0,0,0,1,1,
2602,859,San Leandro,Coliseum/Oakland Airport,0,1,0,0,0,0,0,0,0,0,0,1,1,
2601,858,San Leandro,Coliseum/Oakland Airport,0,1,0,0,0,0,0,0,0,0,0,1,1,
2600,857,San Leandro,Coliseum/Oakland Airport,0,1,0,0,0,0,0,0,0,0,0,1,1,
2599,856,San Leandro,Coliseum/Oakland Airport,0,1,0,0,0,0,0,0,0,0,0,1,1,
2598,855,San Leandro,Coliseum/Oakland Airport,0,1,0,0,0,0,0,0,0,0,0,1,1,
2597,854,San Leandro,Coliseum/Oakland Airport,0,1,0,0,0,0,0,0,0,0,0,1,1,
2596,853,San Leandro,Coliseum/Oakland Airport,0,1,0,0,0,0,0,0,0,0,0,1,1,
2595,852,San Leandro,Coliseum/Oakland Airport,0,1,0,0,0,0,0,0,0,0,0,1,1,
2594,851,San Leandro,Coliseum/Oakland Airport,0,1,0,0,0,0,0,0,0,0,0,1,1,
2593,850,San Leandro,Coliseum/Oakland Airport,0,1,0,0,0,0,0,0,0,0,0,1,1,
2592,849,San Leandro,Coliseum/Oakland Airport,0,1,0,0,0,0,0,0,0,0,0,1,1,
2591,848,San Leandro,Coliseum/Oakland Airport,0,1,0,0,0,0,0,0,0,0,0,1,1,
2590,847,San Leandro,Coliseum/Oakland Airport,0,1,0,0,0,0,0,0,0,0,0,1,1,
2589,846,San Leandro,Coliseum/Oakland Airport,0,1,0,0,0,0,0,0,0,0,0,1,1,
2588,845,San Leandro,Coliseum/Oakland Airport,0,1,0,0,0,0,0,0,0,0,0,1,1,
2587,844,San Leandro,Coliseum/Oakland Airport,0,1,0,0,0,0,0,0,0,0,0,1,1,
2586,843,San Leandro,Coliseum/Oakland Airport,0,1,0,0,0,0,0,0,0,0,0,1,1,
2585,842,San Leandro,Coliseum/Oakland Airport,0,1,0,0,0,0,0,0,0,0,0,1,1,
2584,841,San Leandro,Coliseum/Oakland Airport,0,1,0,0,0,0,0,0,0,0,0,1,1,
2583,840,San Leandro,Coliseum/Oakland Airport,0,1,0,0,0,0,0,0,0,0,0,1,1,
2582,839,San Leandro,Coliseum/Oakland Airport,0,1,0,0,0,0,0,0,0,0,0,1,1,
2581,838,San Leandro,Coliseum/Oakland Airport,0,1,0,0,0,0,0,0,0,0,0,1,1,
2580,837,San Leandro,Coliseum/Oakland Airport,0,1,0,0,0,0,0,0,0,0,0,1,1,
2579,836,San Leandro,Coliseum/Oakland Airport,0,1,0,0,0,0,0,0,0,0,0,1,1,
2578,835,San Leandro,Coliseum/Oakland Airport,0,1,0,0,0,0,0,0,0,0,0,1,1,
2577,834,San Leandro,Coliseum/Oakland Airport,0,1,0,0,0,0,0,0,0,0,0,1,1,
2576,833,San Leandro,Coliseum/Oakland Airport,0,1,0,0,0,0,0,0,0,0,0,1,1,
2575,832,San Leandro,Coliseum/Oakland Airport,0,1,0,0,0,0,0,0,0,0,0,1,1,
2574,831,San Leandro,Coliseum/Oakland Airport,0,1,0,0,0,0,0,0,0,0,0,1,1,
2573,830,San Leandro,Coliseum/Oakland Airport,0,1,0,0,0,0,0,0,0,0,0,1,1,
2572,829,San Leandro,Coliseum/Oakland Airport,0,1,0,0,0,0,0,0,0,0,0,1,1,
2571,828,San Leandro,Coliseum/Oakland Airport,0,1,0,0,0,0,0,0,0,0,0,1,1,
2570,827,San Leandro,Coliseum/Oakland Airport,0,1,0,0,0,0,0,0,0,0,0,1,1,
2569,826,San Leandro,Coliseum/Oakland Airport,0,1,0,0,0,0,0,0,0,0,0,1,1,
2568,825,San Leandro,Coliseum/Oakland Airport,0,1,0,0,0,0,0,0,0,0,0,1,1,
2567,824,San Leandro,Coliseum/Oakland Airport,0,1,0,0,0,0,0,0,0,0,0,1,1,
2566,823,San Leandro,Coliseum/Oakland Airport,0,1,0,0,0,0,0,0,0,0,0,1,1,
2565,822,San Leandro,Coliseum/Oakland Airport,0,1,0,0,0,0,0,0,0,0,0,1,1,
2564,821,San Leandro,Coliseum/Oakland Airport,0,1,0,0,0,0,0,0,0,0,0,1,1,
2563,820,San Leandro,Coliseum/Oakland Airport,0,1,0,0,0,0,0,0,0,0,0,1,1,
2562,819,San Leandro,Coliseum/Oakland Airport,0,1,0,0,0,0,0,0,0,0,0,1,1,
2561,818,San Leandro,Coliseum/Oakland Airport,0,1,0,0,0,0,0,0,0,0,0,1,1,
2560,817,San Leandro,Coliseum/Oakland Airport,0,1,0,0,0,0,0,0,0,0,0,1,1,
2559,816,San Leandro,Coliseum/Oakland Airport,0,1,0,0,0,0,0,0,0,0,0,1,1,
2558,815,San Leandro,Coliseum/Oakland Airport,0,1,0,0,0,0,0,0,0,0,0,1,1,
2557,814,San Leandro,Coliseum/Oakland Airport,0,1,0,0,0,0,0,0,0,0,0,1,1,
2556,813,San Leandro,Coliseum/Oakland Airport,0,1,0,0,0,0,0,0,0,0,0,1,1,
2555,812,San Leandro,Coliseum/Oakland Airport,0,1,0,0,0,0,0,0,0,0,0,1,1,
2554,811,San Leandro,Coliseum/Oakland Airport,0,1,0,0,0,0,0,0,0,0,0,1,1,
2553,810,San Leandro,Coliseum/Oakland Airport,0,1,0,0,0,0,0,0,0,0,0,1,1,
2552,809,San Leandro,Coliseum/Oakland Airport,0,1,0,0,0,0,0,0,0,0,0,1,1,
2551,808,San Leandro,Coliseum/Oakland Airport,0,1,0,0,0,0,0,0,0,0,0,1,1,
2550,807,San Leandro,Coliseum/Oakland Airport,0,1,0,0,0,0,0,0,0,0,0,1,1,
2549,806,San Leandro,Coliseum/Oakland Airport,0,1,0,0,0,0,0,0,0,0,0,1,1,
2548,805,San Leandro,Coliseum/Oakland Airport,0,1,0,0,0,0,0,0,0,0,0,1,1,
2547,804,San Leandro,Coliseum/Oakland Airport,0,1,0,0,0,0,0,0,0,0,0,1,1,
2546,803,San Leandro,Coliseum/Oakland Airport,0,1,0,0,0,0,0,0,0,0,0,1,1,
2545,802,San Leandro,Coliseum/Oakland Airport,0,1,0,0,0,0,0,0,0,0,0,1,1,
2544,801,San Leandro,Coliseum/Oakland Airport,0,1,0,0,0,0,0,0,0,0,0,1,1,
2543,800,San Leandro,Coliseum/Oakland Airport,0,1,0,0,0,0,0,0,0,0,0,1,1,
2542,799,San Leandro,Coliseum/Oakland Airport,0,1,0,0,0,0,0,0,0,0,0,1,1,
2541,798,San Leandro,Coliseum/Oakland Airport,0,1,0,0,0,0,0,0,0,0,0,1,1,
2540,797,San Leandro,Coliseum/Oakland Airport,0,1,0,0,0,0,0,0,0,0,0,1,1,
2539,796,San Leandro,Coliseum/Oakland Airport,0,1,0,0,0,0,0,0,0,0,0,1,1,
2538,795,San Leandro,Coliseum/Oakland Airport,0,1,0,0,0,0,0,0,0,0,0,1,1,
2537,794,San Leandro,Coliseum/Oakland Airport,0,1,0,0,0,0,0,0,0,0,0,1,1,
2536,793,San Leandro,Coliseum/Oakland Airport,0,1,0,0,0,0,0,0,0,0,0,1,1,
2535,792,San Leandro,Coliseum/Oakland Airport,0,1,0,0,0,0,0,0,0,0,0,1,1,
2534,791,San Leandro,Coliseum/Oakland Airport,0,1,0,0,0,0,0,0,0,0,0,1,1,
2533,790,San Leandro,Coliseum/Oakland Airport,0,1,0,0,0,0,0,0,0,0,0,1,1,
2532,789,San Leandro,Coliseum/Oakland Airport,0,1,0,0,0,0,0,0,0,0,0,1,1,
2531,788,San Leandro,Coliseum/Oakland Airport,0,1,0,0,0,0,0,0,0,0,0,1,1,
2530,787,San Leandro,Coliseum/Oakland Airport,0,1,0,0,0,0,0,0,0,0,0,1,1,
2529,786,San Leandro,Coliseum/Oakland Airport,0,1,0,0,0,0,0,0,0,0,0,1,1,
2528,785,San Leandro,Coliseum/Oakland Airport,0,1,0,0,0,0,0,0,0,0,0,1,1,
2527,784,San Leandro,Coliseum/Oakland Airport,0,1,0,0,0,0,0,0,0,0,0,1,1,
2526,783,San Leandro,Coliseum/Oakland Airport,0,1,0,0,0,0,0,0,0,0,0,1,1,
2525,782,San Leandro,Coliseum/Oakland Airport,0,1,0,0,0,0,0,0,0,0,0,1,1,
2524,781,San Leandro,Coliseum/Oakland Airport,0,1,0,0,0,0,0,0,0,0,0,1,1,
2523,780,San Leandro,Coliseum/Oakland Airport,0,1,0,0,0,0,0,0,0,0,0,1,1,
2522,779,San Leandro,Coliseum/Oakland Airport,0,1,0,0,0,0,0,0,0,0,0,1,1,
2521,778,Coliseum/Oakland Airport,Fruitvale,0,1,0,0,0,0,0,0,0,0,0,1,1,
2520,777,Coliseum/Oakland Airport,Fruitvale,0,1,0,0,0,0,0,0,0,0,0,1,1,
2519,776,Coliseum/Oakland Airport,Fruitvale,0,1,0,0,0,0,0,0,0,0,0,1,1,
2518,775,Coliseum/Oakland Airport,Fruitvale,0,1,0,0,0,0,0,0,0,0,0,1,1,
2517,774,Coliseum/Oakland Airport,Fruitvale,0,1,0,0,0,0,0,0,0,0,0,1,1,
2516,773,Coliseum/Oakland Airport,Fruitvale,0,1,0,0,0,0,0,0,0,0,0,1,1,
2515,772,Coliseum/Oakland Airport,Fruitvale,0,1,0,0,0,0,0,0,0,0,0,1,1,
2514,771,Coliseum/Oakland Airport,Fruitvale,0,1,0,0,0,0,0,0,0,0,0,1,1,
2513,770,Coliseum/Oakland Airport,Fruitvale,0,1,0,0,0,0,0,0,0,0,0,1,1,
2512,769,Coliseum/Oakland Airport,Fruitvale,0,1,0,0,0,0,0,0,0,0,0,1,1,
2511,768,Coliseum/Oakland Airport,Fruitvale,0,1,0,0,0,0,0,0,0,0,0,1,1,
2510,767,Coliseum/Oakland Airport,Fruitvale,0,1,0,0,0,0,0,0,0,0,0,1,1,
2509,766,Coliseum/Oakland Airport,Fruitvale,0,1,0,0,0,0,0,0,0,0,0,1,1,
2508,765,Coliseum/Oakland Airport,Fruitvale,0,1,0,0,0,0,0,0,0,0,0,1,1,
2507,764,Coliseum/Oakland Airport,Fruitvale,0,1,0,0,0,0,0,0,0,0,0,1,1,
2506,763,Coliseum/Oakland Airport,Fruitvale,0,1,0,0,0,0,0,0,0,0,0,1,1,
2505,762,Coliseum/Oakland Airport,Fruitvale,0,1,0,0,0,0,0,0,0,0,0,1,1,
2504,761,Coliseum/Oakland Airport,Fruitvale,0,1,0,0,0,0,0,0,0,0,0,1,1,
2503,760,Coliseum/Oakland Airport,Fruitvale,0,1,0,0,0,0,0,0,0,0,0,1,1,
2502,759,Coliseum/Oakland Airport,Fruitvale,0,1,0,0,0,0,0,0,0,0,0,1,1,
2501,758,Coliseum/Oakland Airport,Fruitvale,0,1,0,0,0,0,0,0,0,0,0,1,1,
2500,757,Coliseum/Oakland Airport,Fruitvale,0,1,0,0,0,0,0,0,0,0,0,1,1,
2499,756,Coliseum/Oakland Airport,Fruitvale,0,1,0,0,0,0,0,0,0,0,0,1,1,
2498,755,Coliseum/Oakland Airport,Fruitvale,0,1,0,0,0,0,0,0,0,0,0,1,1,
2497,754,Coliseum/Oakland Airport,Fruitvale,0,1,0,0,0,0,0,0,0,0,0,1,1,
2496,753,Coliseum/Oakland Airport,Fruitvale,0,1,0,0,0,0,0,0,0,0,0,1,1,
2495,752,Coliseum/Oakland Airport,Fruitvale,0,1,0,0,0,0,0,0,0,0,0,1,1,
2494,751,Coliseum/Oakland Airport,Fruitvale,0,1,0,0,0,0,0,0,0,0,0,1,1,
2493,750,Coliseum/Oakland Airport,Fruitvale,0,1,0,0,0,0,0,0,0,0,0,1,1,
2492,749,Coliseum/Oakland Airport,Fruitvale,0,1,0,0,0,0,0,0,0,0,0,1,1,
2491,748,Coliseum/Oakland Airport,Fruitvale,0,1,0,0,0,0,0,0,0,0,0,1,1,
2490,747,Coliseum/Oakland Airport,Fruitvale,0,1,0,0,0,0,0,0,0,0,0,1,1,
2489,746,Coliseum/Oakland Airport,Fruitvale,0,1,0,0,0,0,0,0,0,0,0,1,1,
2488,745,Coliseum/Oakland Airport,Fruitvale,0,1,0,0,0,0,0,0,0,0,0,1,1,
2487,744,Coliseum/Oakland Airport,Fruitvale,0,1,0,0,0,0,0,0,0,0,0,1,1,
2486,743,Coliseum/Oakland Airport,Fruitvale,0,1,0,0,0,0,0,0,0,0,0,1,1,
2485,742,Coliseum/Oakland Airport,Fruitvale,0,1,0,0,0,0,0,0,0,0,0,1,1,
2484,741,Coliseum/Oakland Airport,Fruitvale,0,1,0,0,0,0,0,0,0,0,0,1,1,
2483,740,Coliseum/Oakland Airport,Fruitvale,0,1,0,0,0,0,0,0,0,0,0,1,1,
2482,739,Coliseum/Oakland Airport,Fruitvale,0,1,0,0,0,0,0,0,0,0,0,1,1,
2481,738,Coliseum/Oakland Airport,Fruitvale,0,1,0,0,0,0,0,0,0,0,0,1,1,
2480,737,Coliseum/Oakland Airport,Fruitvale,0,1,0,0,0,0,0,0,0,0,0,1,1,
2479,736,Coliseum/Oakland Airport,Fruitvale,0,1,0,0,0,0,0,0,0,0,0,1,1,
2478,735,Coliseum/Oakland Airport,Fruitvale,0,1,0,0,0,0,0,0,0,0,0,1,1,
2477,734,Coliseum/Oakland Airport,Fruitvale,0,1,0,0,0,0,0,0,0,0,0,1,1,
2476,733,Coliseum/Oakland Airport,Fruitvale,0,1,0,0,0,0,0,0,0,0,0,1,1,
2475,732,Coliseum/Oakland Airport,Fruitvale,0,1,0,0,0,0,0,0,0,0,0,1,1,
2474,731,Coliseum/Oakland Airport,Fruitvale,0,1,0,0,0,0,0,0,0,0,0,1,1,
2473,730,Coliseum/Oakland Airport,Fruitvale,0,1,0,0,0,0,0,0,0,0,0,1,1,
2472,729,Coliseum/Oakland Airport,Fruitvale,0,1,0,0,0,0,0,0,0,0,0,1,1,
2471,728,Coliseum/Oakland Airport,Fruitvale,0,1,0,0,0,0,0,0,0,0,0,1,1,
2470,727,Coliseum/Oakland Airport,Fruitvale,0,1,0,0,0,0,0,0,0,0,0,1,1,
2469,726,Coliseum/Oakland Airport,Fruitvale,0,1,0,0,0,0,0,0,0,0,0,1,1,
2468,725,Coliseum/Oakland Airport,Fruitvale,0,1,0,0,0,0,0,0,0,0,0,1,1,
2467,724,Coliseum/Oakland Airport,Fruitvale,0,1,0,0,0,0,0,0,0,0,0,1,1,
2466,723,Coliseum/Oakland Airport,Fruitvale,0,1,0,0,0,0,0,0,0,0,0,1,1,
2465,722,Coliseum/Oakland Airport,Fruitvale,0,1,0,0,0,0,0,0,0,0,0,1,1,
2464,721,Coliseum/Oakland Airport,Fruitvale,0,1,0,0,0,0,0,0,0,0,0,1,1,
2463,720,Coliseum/Oakland Airport,Fruitvale,0,1,0,0,0,0,0,0,0,0,0,1,1,
2462,719,Coliseum/Oakland Airport,Fruitvale,0,1,0,0,0,0,0,0,0,0,0,1,1,
2461,718,Coliseum/Oakland Airport,Fruitvale,0,1,0,0,0,0,0,0,0,0,0,1,1,
2460,717,Coliseum/Oakland Airport,Fruitvale,0,1,0,0,0,0,0,0,0,0,0,1,1,
2459,716,Coliseum/Oakland Airport,Fruitvale,0,1,0,0,0,0,0,0,0,0,0,1,1,
2458,715,Coliseum/Oakland Airport,Fruitvale,0,1,0,0,0,0,0,0,0,0,0,1,1,
2457,714,Coliseum/Oakland Airport,Fruitvale,0,1,0,0,0,0,0,0,0,0,0,1,1,
2456,713,Coliseum/Oakland Airport,Fruitvale,0,1,0,0,0,0,0,0,0,0,0,1,1,
2455,712,Coliseum/Oakland Airport,Fruitvale,0,1,0,0,0,0,0,0,0,0,0,1,1,
2454,711,Coliseum/Oakland Airport,Fruitvale,0,1,0,0,0,0,0,0,0,0,0,1,1,
2453,710,Coliseum/Oakland Airport,Fruitvale,0,1,0,0,0,0,0,0,0,0,0,1,1,
2452,709,Coliseum/Oakland Airport,Fruitvale,0,1,0,0,0,0,0,0,0,0,0,1,1,
2451,708,Coliseum/Oakland Airport,Fruitvale,0,1,0,0,0,0,0,0,0,0,0,1,1,
2450,707,Coliseum/Oakland Airport,Fruitvale,0,1,0,0,0,0,0,0,0,0,0,1,1,
2449,706,Coliseum/Oakland Airport,Fruitvale,0,1,0,0,0,0,0,0,0,0,0,1,1,
2448,705,Coliseum/Oakland Airport,Fruitvale,0,1,0,0,0,0,0,0,0,0,0,1,1,
2447,704,Coliseum/Oakland Airport,Fruitvale,0,1,0,0,0,0,0,0,0,0,0,1,1,
2446,703,Coliseum/Oakland Airport,Fruitvale,0,1,0,0,0,0,0,0,0,0,0,1,1,
2445,702,Coliseum/Oakland Airport,Fruitvale,0,1,0,0,0,0,0,0,0,0,0,1,1,
2444,701,Coliseum/Oakland Airport,Fruitvale,0,1,0,0,0,0,0,0,0,0,0,1,1,
2443,700,Coliseum/Oakland Airport,Fruitvale,0,1,0,0,0,0,0,0,0,0,0,1,1,
2442,699,Coliseum/Oakland Airport,Fruitvale,0,1,0,0,0,0,0,0,0,0,0,1,1,
2441,698,Coliseum/Oakland Airport,Fruitvale,0,1,0,0,0,0,0,0,0,0,0,1,1,
2440,697,Coliseum/Oakland Airport,Fruitvale,0,1,0,0,0,0,0,0,0,0,0,1,1,
2439,696,Coliseum/Oakland Airport,Fruitvale,0,1,0,0,0,0,0,0,0,0,0,1,1,
2438,695,Coliseum/Oakland Airport,Fruitvale,0,1,0,0,0,0,0,0,0,0,0,1,1,
2437,694,Coliseum/Oakland Airport,Fruitvale,0,1,0,0,0,0,0,0,0,0,0,1,1,
2436,693,Coliseum/Oakland Airport,Fruitvale,0,1,0,0,0,0,0,0,0,0,0,1,1,
2435,692,Coliseum/Oakland Airport,Fruitvale,0,1,0,0,0,0,0,0,0,0,0,1,1,
2434,691,Coliseum/Oakland Airport,Fruitvale,0,1,0,0,0,0,0,0,0,0,0,1,1,
2433,690,Coliseum/Oakland Airport,Fruitvale,0,1,0,0,0,0,0,0,0,0,0,1,1,
2432,689,Coliseum/Oakland Airport,Fruitvale,0,1,0,0,0,0,0,0,0,0,0,1,1,
2431,688,Coliseum/Oakland Airport,Fruitvale,0,1,0,0,0,0,0,0,0,0,0,1,1,
2430,687,Coliseum/Oakland Airport,Fruitvale,0,1,0,0,0,0,0,0,0,0,0,1,1,
2429,686,Coliseum/Oakland Airport,Fruitvale,0,1,0,0,0,0,0,0,0,0,0,1,1,
2428,685,Coliseum/Oakland Airport,Fruitvale,0,1,0,0,0,0,0,0,0,0,0,1,1,
2427,684,Coliseum/Oakland Airport,Fruitvale,0,1,0,0,0,0,0,0,0,0,0,1,1,
2426,683,Coliseum/Oakland Airport,Fruitvale,0,1,0,0,0,0,0,0,0,0,0,1,1,
2425,682,Coliseum/Oakland Airport,Fruitvale,0,1,0,0,0,0,0,0,0,0,0,1,1,
2424,681,Coliseum/Oakland Airport,Fruitvale,0,1,0,0,0,0,0,0,0,0,0,1,1,
2423,680,Coliseum/Oakland Airport,Fruitvale,0,1,0,0,0,0,0,0,0,0,0,1,1,
2422,679,Coliseum/Oakland Airport,Fruitvale,0,1,0,0,0,0,0,0,0,0,0,1,1,
2421,678,Coliseum/Oakland Airport,Fruitvale,0,1,0,0,0,0,0,0,0,0,0,1,1,
2420,677,Coliseum/Oakland Airport,Fruitvale,0,1,0,0,0,0,0,0,0,0,0,1,1,
2419,676,Coliseum/Oakland Airport,Fruitvale,0,1,0,0,0,0,0,0,0,0,0,1,1,
2418,675,Coliseum/Oakland Airport,Fruitvale,0,1,0,0,0,0,0,0,0,0,0,1,1,
2417,674,Coliseum/Oakland Airport,Fruitvale,0,1,0,0,0,0,0,0,0,0,0,1,1,
2416,673,Coliseum/Oakland Airport,Fruitvale,0,1,0,0,0,0,0,0,0,0,0,1,1,
2415,672,Coliseum/Oakland Airport,Fruitvale,0,1,0,0,0,0,0,0,0,0,0,1,1,
2414,671,Coliseum/Oakland Airport,Fruitvale,0,1,0,0,0,0,0,0,0,0,0,1,1,
2413,670,Coliseum/Oakland Airport,Fruitvale,0,1,0,0,0,0,0,0,0,0,0,1,1,
2412,669,Coliseum/Oakland Airport,Fruitvale,0,1,0,0,0,0,0,0,0,0,0,1,1,
2411,668,Coliseum/Oakland Airport,Fruitvale,0,1,0,0,0,0,0,0,0,0,0,1,1,
2410,667,Coliseum/Oakland Airport,Fruitvale,0,1,0,0,0,0,0,0,0,0,0,1,1,
2409,666,Coliseum/Oakland Airport,Fruitvale,0,1,0,0,0,0,0,0,0,0,0,1,1,
2408,665,Coliseum/Oakland Airport,Fruitvale,0,1,0,0,0,0,0,0,0,0,0,1,1,
2407,664,Coliseum/Oakland Airport,Fruitvale,0,1,0,0,0,0,0,0,0,0,0,1,1,
2406,663,Coliseum/Oakland Airport,Fruitvale,0,1,0,0,0,0,0,0,0,0,0,1,1,
2405,662,Coliseum/Oakland Airport,Fruitvale,0,1,0,0,0,0,0,0,0,0,0,1,1,
2404,661,Coliseum/Oakland Airport,Fruitvale,0,1,0,0,0,0,0,0,0,0,0,1,1,
2403,660,Coliseum/Oakland Airport,Fruitvale,0,1,0,0,0,0,0,0,0,0,0,1,1,
2402,659,Coliseum/Oakland Airport,Fruitvale,0,1,0,0,0,0,0,0,0,0,0,1,1,
2401,658,Coliseum/Oakland Airport,Fruitvale,0,1,0,0,0,0,0,0,0,0,0,1,1,
2400,657,Coliseum/Oakland Airport,Fruitvale,0,1,0,0,0,0,0,0,0,0,0,1,1,
2399,656,Coliseum/Oakland Airport,Fruitvale,0,1,0,0,0,0,0,0,0,0,0,1,1,
2398,655,Coliseum/Oakland Airport,Fruitvale,0,1,0,0,0,0,0,0,0,0,0,1,1,
2397,654,Coliseum/Oakland Airport,Fruitvale,0,1,0,0,0,0,0,0,0,0,0,1,1,
2396,653,Coliseum/Oakland Airport,Fruitvale,0,1,0,0,0,0,0,0,0,0,0,1,1,
2395,652,Coliseum/Oakland Airport,Fruitvale,0,1,0,0,0,0,0,0,0,0,0,1,1,
2394,651,Coliseum/Oakland Airport,Fruitvale,0,1,0,0,0,0,0,0,0,0,0,1,1,
2393,650,Coliseum/Oakland Airport,Fruitvale,0,1,0,0,0,0,0,0,0,0,0,1,1,
2392,649,Coliseum/Oakland Airport,Fruitvale,0,1,0,0,0,0,0,0,0,0,0,1,1,
2391,648,Fruitvale,Lake Merritt,0,1,0,0,0,0,0,0,0,0,0,1,1,
2390,647,Fruitvale,Lake Merritt,0,1,0,0,0,0,0,0,0,0,0,1,1,
2389,646,Fruitvale,Lake Merritt,0,1,0,0,0,0,0,0,0,0,0,1,1,
2388,645,Fruitvale,Lake Merritt,0,1,0,0,0,0,0,0,0,0,0,1,1,
2387,644,Fruitvale,Lake Merritt,0,1,0,0,0,0,0,0,0,0,0,1,1,
2386,643,Fruitvale,Lake Merritt,0,1,0,0,0,0,0,0,0,0,0,1,1,
2385,642,Fruitvale,Lake Merritt,0,1,0,0,0,0,0,0,0,0,0,1,1,
2384,641,Fruitvale,Lake Merritt,0,1,0,0,0,0,0,0,0,0,0,1,1,
2383,640,Fruitvale,Lake Merritt,0,1,0,0,0,0,0,0,0,0,0,1,1,
2382,639,Fruitvale,Lake Merritt,0,1,0,0,0,0,0,0,0,0,0,1,1,
2381,638,Fruitvale,Lake Merritt,0,1,0,0,0,0,0,0,0,0,0,1,1,
2380,637,Fruitvale,Lake Merritt,0,1,0,0,0,0,0,0,0,0,0,1,1,
2379,636,Fruitvale,Lake Merritt,0,1,0,0,0,0,0,0,0,0,0,1,1,
2378,635,Fruitvale,Lake Merritt,0,1,0,0,0,0,0,0,0,0,0,1,1,
2377,634,Fruitvale,Lake Merritt,0,1,0,0,0,0,0,0,0,0,0,1,1,
2376,633,Fruitvale,Lake Merritt,0,1,0,0,0,0,0,0,0,0,0,1,1,
2375,632,Fruitvale,Lake Merritt,0,1,0,0,0,0,0,0,0,0,0,1,1,
2374,631,Fruitvale,Lake Merritt,0,1,0,0,0,0,0,0,0,0,0,1,1,
2373,630,Fruitvale,Lake Merritt,0,1,0,0,0,0,0,0,0,0,0,1,1,
2372,629,Fruitvale,Lake Merritt,0,1,0,0,0,0,0,0,0,0,0,1,1,
2371,628,Fruitvale,Lake Merritt,0,1,0,0,0,0,0,0,0,0,0,1,1,
2370,627,Fruitvale,Lake Merritt,0,1,0,0,0,0,0,0,0,0,0,1,1,
2369,626,Fruitvale,Lake Merritt,0,1,0,0,0,0,0,0,0,0,0,1,1,
2368,625,Fruitvale,Lake Merritt,0,1,0,0,0,0,0,0,0,0,0,1,1,
2367,624,Fruitvale,Lake Merritt,0,1,0,0,0,0,0,0,0,0,0,1,1,
2366,623,Fruitvale,Lake Merritt,0,1,0,0,0,0,0,0,0,0,0,1,1,
2365,622,Fruitvale,Lake Merritt,0,1,0,0,0,0,0,0,0,0,0,1,1,
2364,621,Fruitvale,Lake Merritt,0,1,0,0,0,0,0,0,0,0,0,1,1,
2363,620,Fruitvale,Lake Merritt,0,1,0,0,0,0,0,0,0,0,0,1,1,
2362,619,Fruitvale,Lake Merritt,0,1,0,0,0,0,0,0,0,0,0,1,1,
2361,618,Fruitvale,Lake Merritt,0,1,0,0,0,0,0,0,0,0,0,1,1,
2360,617,Fruitvale,Lake Merritt,0,1,0,0,0,0,0,0,0,0,0,1,1,
2359,616,Fruitvale,Lake Merritt,0,1,0,0,0,0,0,0,0,0,0,1,1,
2358,615,Fruitvale,Lake Merritt,0,1,0,0,0,0,0,0,0,0,0,1,1,
2357,614,Fruitvale,Lake Merritt,0,1,0,0,0,0,0,0,0,0,0,1,1,
2356,613,Fruitvale,Lake Merritt,0,1,0,0,0,0,0,0,0,0,0,1,1,
2355,612,Fruitvale,Lake Merritt,0,1,0,0,0,0,0,0,0,0,0,1,1,
2354,611,Fruitvale,Lake Merritt,0,1,0,0,0,0,0,0,0,0,0,1,1,
2353,610,Fruitvale,Lake Merritt,0,1,0,0,0,0,0,0,0,0,0,1,1,
2352,609,Fruitvale,Lake Merritt,0,1,0,0,0,0,0,0,0,0,0,1,1,
2351,608,Fruitvale,Lake Merritt,0,1,0,0,0,0,0,0,0,0,0,1,1,
2350,607,Fruitvale,Lake Merritt,0,1,0,0,0,0,0,0,0,0,0,1,1,
2349,606,Fruitvale,Lake Merritt,0,1,0,0,0,0,0,0,0,0,0,1,1,
2348,605,Fruitvale,Lake Merritt,0,1,0,0,0,0,0,0,0,0,0,1,1,
2347,604,Fruitvale,Lake Merritt,0,1,0,0,0,0,0,0,0,0,0,1,1,
2346,603,Fruitvale,Lake Merritt,0,1,0,0,0,0,0,0,0,0,0,1,1,
2345,602,Fruitvale,Lake Merritt,0,1,0,0,0,0,0,0,0,0,0,1,1,
2344,601,Fruitvale,Lake Merritt,0,1,0,0,0,0,0,0,0,0,0,1,1,
2343,600,Fruitvale,Lake Merritt,0,1,0,0,0,0,0,0,0,0,0,1,1,
2342,599,Fruitvale,Lake Merritt,0,1,0,0,0,0,0,0,0,0,0,1,1,
2341,598,Fruitvale,Lake Merritt,0,1,0,0,0,0,0,0,0,0,0,1,1,
2340,597,Fruitvale,Lake Merritt,0,1,0,0,0,0,0,0,0,0,0,1,1,
2339,596,Fruitvale,Lake Merritt,0,1,0,0,0,0,0,0,0,0,0,1,1,
2338,595,Fruitvale,Lake Merritt,0,1,0,0,0,0,0,0,0,0,0,1,1,
2337,594,Fruitvale,Lake Merritt,0,1,0,0,0,0,0,0,0,0,0,1,1,
2336,593,Fruitvale,Lake Merritt,0,1,0,0,0,0,0,0,0,0,0,1,1,
2335,592,Fruitvale,Lake Merritt,0,1,0,0,0,0,0,0,0,0,0,1,1,
2334,591,Fruitvale,Lake Merritt,0,1,0,0,0,0,0,0,0,0,0,1,1,
2333,590,Fruitvale,Lake Merritt,0,1,0,0,0,0,0,0,0,0,0,1,1,
2332,589,Fruitvale,Lake Merritt,0,1,0,0,0,0,0,0,0,0,0,1,1,
2331,588,Fruitvale,Lake Merritt,0,1,0,0,0,0,0,0,0,0,0,1,1,
2330,587,Fruitvale,Lake Merritt,0,1,0,0,0,0,0,0,0,0,0,1,1,
2329,586,Fruitvale,Lake Merritt,0,1,0,0,0,0,0,0,0,0,0,1,1,
2328,585,Fruitvale,Lake Merritt,0,1,0,0,0,0,0,0,0,0,0,1,1,
2327,584,Fruitvale,Lake Merritt,0,1,0,0,0,0,0,0,0,0,0,1,1,
2326,583,Fruitvale,Lake Merritt,0,1,0,0,0,0,0,0,0,0,0,1,1,
2325,582,Fruitvale,Lake Merritt,0,1,0,0,0,0,0,0,0,0,0,1,1,
2324,581,Fruitvale,Lake Merritt,0,1,0,0,0,0,0,0,0,0,0,1,1,
2323,580,Fruitvale,Lake Merritt,0,1,0,0,0,0,0,0,0,0,0,1,1,
2322,579,Fruitvale,Lake Merritt,0,1,0,0,0,0,0,0,0,0,0,1,1,
2321,578,Fruitvale,Lake Merritt,0,1,0,0,0,0,0,0,0,0,0,1,1,
2320,577,Fruitvale,Lake Merritt,0,1,0,0,0,0,0,0,0,0,0,1,1,
2319,576,Fruitvale,Lake Merritt,0,1,0,0,0,0,0,0,0,0,0,1,1,
2318,575,Fruitvale,Lake Merritt,0,1,0,0,0,0,0,0,0,0,0,1,1,
2317,574,Fruitvale,Lake Merritt,0,1,0,0,0,0,0,0,0,0,0,1,1,
2316,573,Fruitvale,Lake Merritt,0,1,0,0,0,0,0,0,0,0,0,1,1,
2315,572,Fruitvale,Lake Merritt,0,1,0,0,0,0,0,0,0,0,0,1,1,
2314,571,Fruitvale,Lake Merritt,0,1,0,0,0,0,0,0,0,0,0,1,1,
2313,570,Fruitvale,Lake Merritt,0,1,0,0,0,0,0,0,0,0,0,1,1,
2312,569,Fruitvale,Lake Merritt,0,1,0,0,0,0,0,0,0,0,0,1,1,
2311,568,Fruitvale,Lake Merritt,0,1,0,0,0,0,0,0,0,0,0,1,1,
2310,567,Fruitvale,Lake Merritt,0,1,0,0,0,0,0,0,0,0,0,1,1,
2309,566,Fruitvale,Lake Merritt,0,1,0,0,0,0,0,0,0,0,0,1,1,
2308,565,Fruitvale,Lake Merritt,0,1,0,0,0,0,0,0,0,0,0,1,1,
2307,564,Fruitvale,Lake Merritt,0,1,0,0,0,0,0,0,0,0,0,1,1,
2306,563,Fruitvale,Lake Merritt,0,1,0,0,0,0,0,0,0,0,0,1,1,
2305,562,Fruitvale,Lake Merritt,0,1,0,0,0,0,0,0,0,0,0,1,1,
2304,561,Fruitvale,Lake Merritt,0,1,0,0,0,0,0,0,0,0,0,1,1,
2303,560,Fruitvale,Lake Merritt,0,1,0,0,0,0,0,0,0,0,0,1,1,
2302,559,Fruitvale,Lake Merritt,0,1,0,0,0,0,0,0,0,0,0,1,1,
2301,558,Fruitvale,Lake Merritt,0,1,0,0,0,0,0,0,0,0,0,1,1,
2300,557,Fruitvale,Lake Merritt,0,1,0,0,0,0,0,0,0,0,0,1,1,
2299,556,Fruitvale,Lake Merritt,0,1,0,0,0,0,0,0,0,0,0,1,1,
2298,555,Fruitvale,Lake Merritt,0,1,0,0,0,0,0,0,0,0,0,1,1,
2297,554,Concord,Pleasant Hill,0,0,1,1,1,1,1,0,0,1,1,0,0,
2296,553,Concord,Pleasant Hill,0,0,1,1,1,1,1,0,0,1,1,0,0,
2295,552,Concord,Pleasant Hill,0,0,1,1,1,1,1,0,0,1,1,0,0,
2294,551,Concord,Pleasant Hill,0,0,1,1,1,1,1,0,0,1,1,0,0,
2293,550,Concord,Pleasant Hill,0,0,1,1,1,1,1,0,0,1,1,0,0,
2292,549,Concord,Pleasant Hill,0,0,1,1,1,1,1,0,0,1,1,0,0,
2291,548,Concord,Pleasant Hill,0,0,1,1,1,1,1,0,0,1,1,0,0,
2290,547,Concord,Pleasant Hill,0,0,1,1,1,1,1,0,0,1,1,0,0,
2289,546,Concord,Pleasant Hill,0,0,1,1,1,1,1,0,0,1,1,0,0,
2288,545,Concord,Pleasant Hill,0,0,1,1,1,1,1,0,0,1,1,0,0,
2287,544,Concord,Pleasant Hill,0,0,1,1,1,1,1,0,0,1,1,0,0,
2286,543,Concord,Pleasant Hill,0,0,1,1,1,1,1,0,0,1,1,0,0,
2285,542,Concord,Pleasant Hill,0,0,1,1,1,1,1,0,0,1,1,0,0,
2284,541,Concord,Pleasant Hill,0,0,1,1,1,1,1,0,0,1,1,0,0,
2283,540,Concord,Pleasant Hill,0,0,1,1,1,1,1,0,0,1,1,0,0,
2282,539,Concord,Pleasant Hill,0,0,1,1,1,1,1,0,0,1,1,0,0,
2281,538,Concord,Pleasant Hill,0,0,1,1,1,1,1,0,0,1,1,0,0,
2280,537,Concord,Pleasant Hill,0,0,1,1,1,1,1,0,0,1,1,0,0,
2279,536,Concord,Pleasant Hill,0,0,1,1,1,1,1,0,0,1,1,0,0,
2278,535,Concord,Pleasant Hill,0,0,1,1,1,1,1,0,0,1,1,0,0,
2277,534,Concord,Pleasant Hill,0,0,1,1,1,1,1,0,0,1,1,0,0,
2276,533,Concord,Pleasant Hill,0,0,1,1,1,1,1,0,0,1,1,0,0,
2275,532,Concord,Pleasant Hill,0,0,1,1,1,1,1,0,0,1,1,0,0,
2274,531,Concord,Pleasant Hill,0,0,1,1,1,1,1,0,0,1,1,0,0,
2273,530,Concord,Pleasant Hill,0,0,1,1,1,1,1,0,0,1,1,0,0,
2272,529,Concord,Pleasant Hill,0,0,1,1,1,1,1,0,0,1,1,0,0,
2271,528,Concord,Pleasant Hill,0,0,1,1,1,1,1,0,0,1,1,0,0,
2270,527,Concord,Pleasant Hill,0,0,1,1,1,1,1,0,0,1,1,0,0,
2269,526,Concord,Pleasant Hill,0,0,1,1,1,1,1,0,0,1,1,0,0,
2268,525,Concord,Pleasant Hill,0,0,1,1,1,1,1,0,0,1,1,0,0,
2267,524,Concord,Pleasant Hill,0,0,1,1,1,1,1,0,0,1,1,0,0,
2266,523,Concord,Pleasant Hill,0,0,1,1,1,1,1,0,0,1,1,0,0,
2265,522,Concord,Pleasant Hill,0,0,1,1,1,1,1,0,0,1,1,0,0,
2264,521,Concord,Pleasant Hill,0,0,1,1,1,1,1,0,0,1,1,0,0,
2263,520,Concord,Pleasant Hill,0,0,1,1,1,1,1,0,0,1,1,0,0,
2262,519,Concord,Pleasant Hill,0,0,1,1,1,1,1,0,0,1,1,0,0,
2261,518,Concord,Pleasant Hill,0,0,1,1,1,1,1,0,0,1,1,0,0,
2260,517,Concord,Pleasant Hill,0,0,1,1,1,1,1,0,0,1,1,0,0,
2259,516,Concord,Pleasant Hill,0,0,1,1,1,1,1,0,0,1,1,0,0,
2258,515,Concord,Pleasant Hill,0,0,1,1,1,1,1,0,0,1,1,0,0,
2257,514,Concord,Pleasant Hill,0,0,1,1,1,1,1,0,0,1,1,0,0,
2256,513,Concord,Pleasant Hill,0,0,1,1,1,1,1,0,0,1,1,0,0,
2255,512,Concord,Pleasant Hill,0,0,1,1,1,1,1,0,0,1,1,0,0,
2254,511,Concord,Pleasant Hill,0,0,1,1,1,1,1,0,0,1,1,0,0,
2253,510,Concord,Pleasant Hill,0,0,1,1,1,1,1,0,0,1,1,0,0,
2252,509,Concord,Pleasant Hill,0,0,1,1,1,1,1,0,0,1,1,0,0,
2251,508,Concord,Pleasant Hill,0,0,1,1,1,1,1,0,0,1,1,0,0,
2250,507,Concord,Pleasant Hill,0,0,1,1,1,1,1,0,0,1,1,0,0,
2249,506,Concord,Pleasant Hill,0,0,1,1,1,1,1,0,0,1,1,0,0,
2248,505,Concord,Pleasant Hill,0,0,1,1,1,1,1,0,0,1,1,0,0,
2247,504,Pleasant Hill,Walnut Creek,0,0,1,1,1,1,1,1,1,1,1,0,0,
2246,503,Pleasant Hill,Walnut Creek,0,0,1,1,1,1,1,1,1,1,1,0,0,
2245,502,Pleasant Hill,Walnut Creek,0,0,1,1,1,1,1,1,1,1,1,0,0,
2244,501,Pleasant Hill,Walnut Creek,0,0,1,1,1,1,1,1,1,1,1,0,0,
2243,500,Pleasant Hill,Walnut Creek,0,0,1,1,1,1,1,1,1,1,1,0,0,
2242,499,Pleasant Hill,Walnut Creek,0,0,1,1,1,1,1,1,1,1,1,0,0,
2241,498,Pleasant Hill,Walnut Creek,0,0,1,1,1,1,1,1,1,1,1,0,0,
2240,497,Pleasant Hill,Walnut Creek,0,0,1,1,1,1,1,1,1,1,1,0,0,
2239,496,Pleasant Hill,Walnut Creek,0,0,1,1,1,1,1,1,1,1,1,0,0,
2238,495,Pleasant Hill,Walnut Creek,0,0,1,1,1,1,1,1,1,1,1,0,0,
2237,494,Pleasant Hill,Walnut Creek,0,0,1,1,1,1,1,1,1,1,1,0,0,
2236,493,Pleasant Hill,Walnut Creek,0,0,1,1,1,1,1,1,1,1,1,0,0,
2235,492,Pleasant Hill,Walnut Creek,0,0,1,1,1,1,1,1,1,1,1,0,0,
2234,491,Pleasant Hill,Walnut Creek,0,0,1,1,1,1,1,1,1,1,1,0,0,
2233,490,Pleasant Hill,Walnut Creek,0,0,1,1,1,1,1,1,1,1,1,0,0,
2232,489,Pleasant Hill,Walnut Creek,0,0,1,1,1,1,1,1,1,1,1,0,0,
2231,488,Pleasant Hill,Walnut Creek,0,0,1,1,1,1,1,1,1,1,1,0,0,
2230,487,Pleasant Hill,Walnut Creek,0,0,1,1,1,1,1,1,1,1,1,0,0,
2229,486,Pleasant Hill,Walnut Creek,0,0,1,1,1,1,1,1,1,1,1,0,0,
2228,485,Pleasant Hill,Walnut Creek,0,0,1,1,1,1,1,1,1,1,1,0,0,
2227,484,Pleasant Hill,Walnut Creek,0,0,1,1,1,1,1,1,1,1,1,0,0,
2226,483,Pleasant Hill,Walnut Creek,0,0,1,1,1,1,1,1,1,1,1,0,0,
2225,482,Pleasant Hill,Walnut Creek,0,0,1,1,1,1,1,1,1,1,1,0,0,
2224,481,Pleasant Hill,Walnut Creek,0,0,1,1,1,1,1,1,1,1,1,0,0,
2223,480,Pleasant Hill,Walnut Creek,0,0,1,1,1,1,1,1,1,1,1,0,0,
2222,479,Pleasant Hill,Walnut Creek,0,0,1,1,1,1,1,1,1,1,1,0,0,
2221,478,Pleasant Hill,Walnut Creek,0,0,1,1,1,1,1,1,1,1,1,0,0,
2220,477,Pleasant Hill,Walnut Creek,0,0,1,1,1,1,1,1,1,1,1,0,0,
2219,476,Pleasant Hill,Walnut Creek,0,0,1,1,1,1,1,1,1,1,1,0,0,
2218,475,Pleasant Hill,Walnut Creek,0,0,1,1,1,1,1,1,1,1,1,0,0,
2217,474,Pleasant Hill,Walnut Creek,0,0,1,1,1,1,1,1,1,1,1,0,0,
2216,473,Pleasant Hill,Walnut Creek,0,0,1,1,1,1,1,1,1,1,1,0,0,
2215,472,Pleasant Hill,Walnut Creek,0,0,1,1,1,1,1,1,1,1,1,0,0,
2214,471,Pleasant Hill,Walnut Creek,0,0,1,1,1,1,1,1,1,1,1,0,0,
2213,470,Walnut Creek,Lafayette,0,0,1,1,1,1,1,1,1,1,1,0,0,
2212,469,Walnut Creek,Lafayette,0,0,1,1,1,1,1,1,1,1,1,0,0,
2211,468,Walnut Creek,Lafayette,0,0,1,1,1,1,1,1,1,1,1,0,0,
2210,467,Walnut Creek,Lafayette,0,0,1,1,1,1,1,1,1,1,1,0,0,
2209,466,Walnut Creek,Lafayette,0,0,1,1,1,1,1,1,1,1,1,0,0,
2208,465,Walnut Creek,Lafayette,0,0,1,1,1,1,1,1,1,1,1,0,0,
2207,464,Walnut Creek,Lafayette,0,0,1,1,1,1,1,1,1,1,1,0,0,
2206,463,Walnut Creek,Lafayette,0,0,1,1,1,1,1,1,1,1,1,0,0,
2205,462,Walnut Creek,Lafayette,0,0,1,1,1,1,1,1,1,1,1,0,0,
2204,461,Walnut Creek,Lafayette,0,0,1,1,1,1,1,1,1,1,1,0,0,
2203,460,Walnut Creek,Lafayette,0,0,1,1,1,1,1,1,1,1,1,0,0,
2202,459,Walnut Creek,Lafayette,0,0,1,1,1,1,1,1,1,1,1,0,0,
2201,458,Walnut Creek,Lafayette,0,0,1,1,1,1,1,1,1,1,1,0,0,
2200,457,Walnut Creek,Lafayette,0,0,1,1,1,1,1,1,1,1,1,0,0,
2199,456,Walnut Creek,Lafayette,0,0,1,1,1,1,1,1,1,1,1,0,0,
2198,455,Walnut Creek,Lafayette,0,0,1,1,1,1,1,1,1,1,1,0,0,
2197,454,Walnut Creek,Lafayette,0,0,1,1,1,1,1,1,1,1,1,0,0,
2196,453,Walnut Creek,Lafayette,0,0,1,1,1,1,1,1,1,1,1,0,0,
2195,452,Walnut Creek,Lafayette,0,0,1,1,1,1,1,1,1,1,1,0,0,
2194,451,Walnut Creek,Lafayette,0,0,1,1,1,1,1,1,1,1,1,0,0,
2193,450,Walnut Creek,Lafayette,0,0,1,1,1,1,1,1,1,1,1,0,0,
2192,449,Walnut Creek,Lafayette,0,0,1,1,1,1,1,1,1,1,1,0,0,
2191,448,Walnut Creek,Lafayette,0,0,1,1,1,1,1,1,1,1,1,0,0,
2190,447,Walnut Creek,Lafayette,0,0,1,1,1,1,1,1,1,1,1,0,0,
2189,446,Walnut Creek,Lafayette,0,0,1,1,1,1,1,1,1,1,1,0,0,
2188,445,Walnut Creek,Lafayette,0,0,1,1,1,1,1,1,1,1,1,0,0,
2187,444,Walnut Creek,Lafayette,0,0,1,1,1,1,1,1,1,1,1,0,0,
2186,443,Walnut Creek,Lafayette,0,0,1,1,1,1,1,1,1,1,1,0,0,
2185,442,Walnut Creek,Lafayette,0,0,1,1,1,1,1,1,1,1,1,0,0,
2184,441,Walnut Creek,Lafayette,0,0,1,1,1,1,1,1,1,1,1,0,0,
2183,440,Walnut Creek,Lafayette,0,0,1,1,1,1,1,1,1,1,1,0,0,
2182,439,Walnut Creek,Lafayette,0,0,1,1,1,1,1,1,1,1,1,0,0,
2181,438,Walnut Creek,Lafayette,0,0,1,1,1,1,1,1,1,1,1,0,0,
2180,437,Walnut Creek,Lafayette,0,0,1,1,1,1,1,1,1,1,1,0,0,
2179,436,Walnut Creek,Lafayette,0,0,1,1,1,1,1,1,1,1,1,0,0,
2178,435,Walnut Creek,Lafayette,0,0,1,1,1,1,1,1,1,1,1,0,0,
2177,434,Walnut Creek,Lafayette,0,0,1,1,1,1,1,1,1,1,1,0,0,
2176,433,Walnut Creek,Lafayette,0,0,1,1,1,1,1,1,1,1,1,0,0,
2175,432,Walnut Creek,Lafayette,0,0,1,1,1,1,1,1,1,1,1,0,0,
2174,431,Lafayette,Orinda,0,0,1,1,1,1,1,1,1,1,1,0,0,
2173,430,Lafayette,Orinda,0,0,1,1,1,1,1,1,1,1,1,0,0,
2172,429,Lafayette,Orinda,0,0,1,1,1,1,1,1,1,1,1,0,0,
2171,428,Lafayette,Orinda,0,0,1,1,1,1,1,1,1,1,1,0,0,
2170,427,Lafayette,Orinda,0,0,1,1,1,1,1,1,1,1,1,0,0,
2169,426,Lafayette,Orinda,0,0,1,1,1,1,1,1,1,1,1,0,0,
2168,425,Lafayette,Orinda,0,0,1,1,1,1,1,1,1,1,1,0,0,
2167,424,Lafayette,Orinda,0,0,1,1,1,1,1,1,1,1,1,0,0,
2166,423,Orinda,Rockridge,0,0,1,1,1,1,1,1,1,1,1,0,0,
2165,422,Orinda,Rockridge,0,0,1,1,1,1,1,1,1,1,1,0,0,
2164,421,Orinda,Rockridge,0,0,1,1,1,1,1,1,1,1,1,0,0,
2163,420,Orinda,Rockridge,0,0,1,1,1,1,1,1,1,1,1,0,0,
2162,419,Orinda,Rockridge,0,0,1,1,1,1,1,1,1,1,1,0,0,
2161,418,Orinda,Rockridge,0,0,1,1,1,1,1,1,1,1,1,0,0,
2160,417,Orinda,Rockridge,0,0,1,1,1,1,1,1,1,1,1,0,0,
2159,416,Rockridge,MacArthur,0,0,1,1,1,1,1,1,1,1,1,0,0,
2158,415,Rockridge,MacArthur,0,0,1,1,1,1,1,1,1,1,1,0,0,
2157,414,Rockridge,MacArthur,0,0,1,1,1,1,1,1,1,1,1,0,0,
2156,413,Rockridge,MacArthur,0,0,1,1,1,1,1,1,1,1,1,0,0,
2155,412,Rockridge,MacArthur,0,0,1,1,1,1,1,1,1,1,1,0,0,
2154,411,Rockridge,MacArthur,0,0,1,1,1,1,1,1,1,1,1,0,0,
2153,410,Rockridge,MacArthur,0,0,1,1,1,1,1,1,1,1,1,0,0,
2152,409,Rockridge,MacArthur,0,0,1,1,1,1,1,1,1,1,1,0,0,
2151,408,Rockridge,MacArthur,0,0,1,1,1,1,1,1,1,1,1,0,0,
2150,407,Rockridge,MacArthur,0,0,1,1,1,1,1,1,1,1,1,0,0,
2149,406,Rockridge,MacArthur,0,0,1,1,1,1,1,1,1,1,1,0,0,
2148,405,Rockridge,MacArthur,0,0,1,1,1,1,1,1,1,1,1,0,0,
2147,404,Rockridge,MacArthur,0,0,1,1,1,1,1,1,1,1,1,0,0,
2146,403,Rockridge,MacArthur,0,0,1,1,1,1,1,1,1,1,1,0,0,
2145,402,Rockridge,MacArthur,0,0,1,1,1,1,1,1,1,1,1,0,0,
2144,401,Rockridge,MacArthur,0,0,1,1,1,1,1,1,1,1,1,0,0,
2143,400,Rockridge,MacArthur,0,0,1,1,1,1,1,1,1,1,1,0,0,
2142,399,Rockridge,MacArthur,0,0,1,1,1,1,1,1,1,1,1,0,0,
2141,398,Rockridge,MacArthur,0,0,1,1,1,1,1,1,1,1,1,0,0,
2140,397,Rockridge,MacArthur,0,0,1,1,1,1,1,1,1,1,1,0,0,
2139,396,Rockridge,MacArthur,0,0,1,1,1,1,1,1,1,1,1,0,0,
2138,395,Rockridge,MacArthur,0,0,1,1,1,1,1,1,1,1,1,0,0,
2137,394,Rockridge,MacArthur,0,0,1,1,1,1,1,1,1,1,1,0,0,
2136,393,Rockridge,MacArthur,0,0,1,1,1,1,1,1,1,1,1,0,0,
2135,392,Rockridge,MacArthur,0,0,1,1,1,1,1,1,1,1,1,0,0,
2134,391,Rockridge,MacArthur,0,0,1,1,1,1,1,1,1,1,1,0,0,
2133,390,Rockridge,MacArthur,1,1,1,1,1,1,1,1,1,1,1,0,0,
2132,389,Rockridge,MacArthur,1,1,1,1,1,1,1,1,1,1,1,0,0,
2131,388,Rockridge,MacArthur,1,1,1,1,1,1,1,1,1,1,1,0,0,
2130,387,Rockridge,MacArthur,1,1,1,1,1,1,1,1,1,1,1,0,0,
2129,386,Rockridge,MacArthur,1,1,1,1,1,1,1,1,1,1,1,0,0,
2128,385,MacArthur,19th Street,1,1,1,1,1,1,1,1,1,1,1,0,0,
2127,384,MacArthur,19th Street,1,1,1,1,1,1,1,1,1,1,1,0,0,
2126,383,MacArthur,19th Street,1,1,1,1,1,1,1,1,1,1,1,0,0,
2125,382,MacArthur,19th Street,1,1,1,1,1,1,1,1,1,1,1,0,0,
2124,381,MacArthur,19th Street,1,1,1,1,1,1,1,1,1,1,1,0,0,
2123,380,MacArthur,19th Street,1,1,1,1,1,1,1,1,1,1,1,0,0,
2122,379,MacArthur,19th Street,1,1,1,1,1,1,1,1,1,1,1,0,0,
2121,378,,,,,,,,,,,,,,,,Richmond Blowpit (S&I Pits)
2120,377,,,,,,,,,,,,,,,,Richmond S&I Bldg/Shop
2119,376,,,,,,,,,,,,,,,,Richmond Car Wash Bldg
2118,375,,,,,,,,,,,,,,,,Richmond Yard Tower
2117,374,,,,,,,,,,,,,,,,Richmond Transportation Bldg
2116,373,Richmond,El Cerrito del Norte,1,1,0,0,0,0,0,0,0,0,0,0,0,
2115,372,Richmond,El Cerrito del Norte,1,1,0,0,0,0,0,0,0,0,0,0,0,
2114,371,Richmond,El Cerrito del Norte,1,1,0,0,0,0,0,0,0,0,0,0,0,
2113,370,Richmond,El Cerrito del Norte,1,1,0,0,0,0,0,0,0,0,0,0,0,
2112,369,Richmond,El Cerrito del Norte,1,1,0,0,0,0,0,0,0,0,0,0,0,
2111,368,Richmond,El Cerrito del Norte,1,1,0,0,0,0,0,0,0,0,0,0,0,
2110,367,Richmond,El Cerrito del Norte,1,1,0,0,0,0,0,0,0,0,0,0,0,
2109,366,Richmond,El Cerrito del Norte,1,1,0,0,0,0,0,0,0,0,0,0,0,
2108,365,Richmond,El Cerrito del Norte,1,1,0,0,0,0,0,0,0,0,0,0,0,
2107,364,Richmond,El Cerrito del Norte,1,1,0,0,0,0,0,0,0,0,0,0,0,
2106,363,Richmond,El Cerrito del Norte,1,1,0,0,0,0,0,0,0,0,0,0,0,
2105,362,Richmond,El Cerrito del Norte,1,1,0,0,0,0,0,0,0,0,0,0,0,
2104,361,Richmond,El Cerrito del Norte,1,1,0,0,0,0,0,0,0,0,0,0,0,
2103,360,Richmond,El Cerrito del Norte,1,1,0,0,0,0,0,0,0,0,0,0,0,
2102,359,Richmond,El Cerrito del Norte,1,1,0,0,0,0,0,0,0,0,0,0,0,
2101,358,Richmond,El Cerrito del Norte,1,1,0,0,0,0,0,0,0,0,0,0,0,
2100,357,Richmond,El Cerrito del Norte,1,1,0,0,0,0,0,0,0,0,0,0,0,
2099,356,Richmond,El Cerrito del Norte,1,1,0,0,0,0,0,0,0,0,0,0,0,
2098,355,Richmond,El Cerrito del Norte,1,1,0,0,0,0,0,0,0,0,0,0,0,
2097,354,Richmond,El Cerrito del Norte,1,1,0,0,0,0,0,0,0,0,0,0,0,
2096,353,Richmond,El Cerrito del Norte,1,1,0,0,0,0,0,0,0,0,0,0,0,
2095,352,Richmond,El Cerrito del Norte,1,1,0,0,0,0,0,0,0,0,0,0,0,
2094,351,Richmond,El Cerrito del Norte,1,1,0,0,0,0,0,0,0,0,0,0,0,
2093,350,Richmond,El Cerrito del Norte,1,1,0,0,0,0,0,0,0,0,0,0,0,
2092,349,Richmond,El Cerrito del Norte,1,1,0,0,0,0,0,0,0,0,0,0,0,
2091,348,Richmond,El Cerrito del Norte,1,1,0,0,0,0,0,0,0,0,0,0,0,
2090,347,Richmond,El Cerrito del Norte,1,1,0,0,0,0,0,0,0,0,0,0,0,
2089,346,Richmond,El Cerrito del Norte,1,1,0,0,0,0,0,0,0,0,0,0,0,
2088,345,Richmond,El Cerrito del Norte,1,1,0,0,0,0,0,0,0,0,0,0,0,
2087,344,Richmond,El Cerrito del Norte,1,1,0,0,0,0,0,0,0,0,0,0,0,
2086,343,Richmond,El Cerrito del Norte,1,1,0,0,0,0,0,0,0,0,0,0,0,
2085,342,Richmond,El Cerrito del Norte,1,1,0,0,0,0,0,0,0,0,0,0,0,
2084,341,Richmond,El Cerrito del Norte,1,1,0,0,0,0,0,0,0,0,0,0,0,
2083,340,Richmond,El Cerrito del Norte,1,1,0,0,0,0,0,0,0,0,0,0,0,
2082,339,Richmond,El Cerrito del Norte,1,1,0,0,0,0,0,0,0,0,0,0,0,
2081,338,Richmond,El Cerrito del Norte,1,1,0,0,0,0,0,0,0,0,0,0,0,
2080,337,Richmond,El Cerrito del Norte,1,1,0,0,0,0,0,0,0,0,0,0,0,
2079,336,Richmond,El Cerrito del Norte,1,1,0,0,0,0,0,0,0,0,0,0,0,
2078,335,Richmond,El Cerrito del Norte,1,1,0,0,0,0,0,0,0,0,0,0,0,
2077,334,Richmond,El Cerrito del Norte,1,1,0,0,0,0,0,0,0,0,0,0,0,
2076,333,Richmond,El Cerrito del Norte,1,1,0,0,0,0,0,0,0,0,0,0,0,
2075,332,Richmond,El Cerrito del Norte,1,1,0,0,0,0,0,0,0,0,0,0,0,
2074,331,Richmond,El Cerrito del Norte,1,1,0,0,0,0,0,0,0,0,0,0,0,
2073,330,Richmond,El Cerrito del Norte,1,1,0,0,0,0,0,0,0,0,0,0,0,
2072,329,Richmond,El Cerrito del Norte,1,1,0,0,0,0,0,0,0,0,0,0,0,
2071,328,Richmond,El Cerrito del Norte,1,1,0,0,0,0,0,0,0,0,0,0,0,
2070,327,Richmond,El Cerrito del Norte,1,1,0,0,0,0,0,0,0,0,0,0,0,
2069,326,Richmond,El Cerrito del Norte,1,1,0,0,0,0,0,0,0,0,0,0,0,
2068,325,Richmond,El Cerrito del Norte,1,1,0,0,0,0,0,0,0,0,0,0,0,
2067,324,Richmond,El Cerrito del Norte,1,1,0,0,0,0,0,0,0,0,0,0,0,
2066,323,Richmond,El Cerrito del Norte,1,1,0,0,0,0,0,0,0,0,0,0,0,
2065,322,Richmond,El Cerrito del Norte,1,1,0,0,0,0,0,0,0,0,0,0,0,
2064,321,Richmond,El Cerrito del Norte,1,1,0,0,0,0,0,0,0,0,0,0,0,
2063,320,Richmond,El Cerrito del Norte,1,1,0,0,0,0,0,0,0,0,0,0,0,
2062,319,Richmond,El Cerrito del Norte,1,1,0,0,0,0,0,0,0,0,0,0,0,
2061,318,Richmond,El Cerrito del Norte,1,1,0,0,0,0,0,0,0,0,0,0,0,
2060,317,Richmond,El Cerrito del Norte,1,1,0,0,0,0,0,0,0,0,0,0,0,
2059,316,Richmond,El Cerrito del Norte,1,1,0,0,0,0,0,0,0,0,0,0,0,
2058,315,Richmond,El Cerrito del Norte,1,1,0,0,0,0,0,0,0,0,0,0,0,
2057,314,Richmond,El Cerrito del Norte,1,1,0,0,0,0,0,0,0,0,0,0,0,
2056,313,Richmond,El Cerrito del Norte,1,1,0,0,0,0,0,0,0,0,0,0,0,
2055,312,,,,,,,,,,,,,,,,ECdelNorte Parking Structure
2054,311,Richmond,El Cerrito del Norte,1,1,0,0,0,0,0,0,0,0,0,0,0,
2053,310,Richmond,El Cerrito del Norte,1,1,0,0,0,0,0,0,0,0,0,0,0,
2052,309,El Cerrito del Norte,El Cerrito Plaza,1,1,0,0,0,0,0,0,0,0,0,0,0,
2051,308,El Cerrito del Norte,El Cerrito Plaza,1,1,0,0,0,0,0,0,0,0,0,0,0,
2050,307,El Cerrito del Norte,El Cerrito Plaza,1,1,0,0,0,0,0,0,0,0,0,0,0,
2049,306,El Cerrito del Norte,El Cerrito Plaza,1,1,0,0,0,0,0,0,0,0,0,0,0,
2048,305,El Cerrito del Norte,El Cerrito Plaza,1,1,0,0,0,0,0,0,0,0,0,0,0,
2047,304,El Cerrito del Norte,El Cerrito Plaza,1,1,0,0,0,0,0,0,0,0,0,0,0,
2046,303,El Cerrito del Norte,El Cerrito Plaza,1,1,0,0,0,0,0,0,0,0,0,0,0,
2045,302,El Cerrito del Norte,El Cerrito Plaza,1,1,0,0,0,0,0,0,0,0,0,0,0,
2044,301,El Cerrito del Norte,El Cerrito Plaza,1,1,0,0,0,0,0,0,0,0,0,0,0,
2043,300,El Cerrito del Norte,El Cerrito Plaza,1,1,0,0,0,0,0,0,0,0,0,0,0,
2042,299,El Cerrito del Norte,El Cerrito Plaza,1,1,0,0,0,0,0,0,0,0,0,0,0,
2041,298,El Cerrito del Norte,El Cerrito Plaza,1,1,0,0,0,0,0,0,0,0,0,0,0,
2040,297,El Cerrito del Norte,El Cerrito Plaza,1,1,0,0,0,0,0,0,0,0,0,0,0,
2039,296,El Cerrito del Norte,El Cerrito Plaza,1,1,0,0,0,0,0,0,0,0,0,0,0,
2038,295,El Cerrito del Norte,El Cerrito Plaza,1,1,0,0,0,0,0,0,0,0,0,0,0,
2037,294,El Cerrito del Norte,El Cerrito Plaza,1,1,0,0,0,0,0,0,0,0,0,0,0,
2036,293,El Cerrito del Norte,El Cerrito Plaza,1,1,0,0,0,0,0,0,0,0,0,0,0,
2035,292,El Cerrito del Norte,El Cerrito Plaza,1,1,0,0,0,0,0,0,0,0,0,0,0,
2034,291,El Cerrito del Norte,El Cerrito Plaza,1,1,0,0,0,0,0,0,0,0,0,0,0,
2033,290,El Cerrito del Norte,El Cerrito Plaza,1,1,0,0,0,0,0,0,0,0,0,0,0,
2032,289,El Cerrito del Norte,El Cerrito Plaza,1,1,0,0,0,0,0,0,0,0,0,0,0,
2031,288,El Cerrito del Norte,El Cerrito Plaza,1,1,0,0,0,0,0,0,0,0,0,0,0,
2030,287,El Cerrito del Norte,El Cerrito Plaza,1,1,0,0,0,0,0,0,0,0,0,0,0,
2029,286,El Cerrito del Norte,El Cerrito Plaza,1,1,0,0,0,0,0,0,0,0,0,0,0,
2028,285,El Cerrito del Norte,El Cerrito Plaza,1,1,0,0,0,0,0,0,0,0,0,0,0,
2027,284,El Cerrito del Norte,El Cerrito Plaza,1,1,0,0,0,0,0,0,0,0,0,0,0,
2026,283,El Cerrito del Norte,El Cerrito Plaza,1,1,0,0,0,0,0,0,0,0,0,0,0,
2025,282,El Cerrito del Norte,El Cerrito Plaza,1,1,0,0,0,0,0,0,0,0,0,0,0,
2024,281,El Cerrito del Norte,El Cerrito Plaza,1,1,0,0,0,0,0,0,0,0,0,0,0,
2023,280,El Cerrito del Norte,El Cerrito Plaza,1,1,0,0,0,0,0,0,0,0,0,0,0,
2022,279,El Cerrito del Norte,El Cerrito Plaza,1,1,0,0,0,0,0,0,0,0,0,0,0,
2021,278,El Cerrito del Norte,El Cerrito Plaza,1,1,0,0,0,0,0,0,0,0,0,0,0,
2020,277,El Cerrito del Norte,El Cerrito Plaza,1,1,0,0,0,0,0,0,0,0,0,0,0,
2019,276,El Cerrito del Norte,El Cerrito Plaza,1,1,0,0,0,0,0,0,0,0,0,0,0,
2018,275,El Cerrito del Norte,El Cerrito Plaza,1,1,0,0,0,0,0,0,0,0,0,0,0,
2017,274,El Cerrito del Norte,El Cerrito Plaza,1,1,0,0,0,0,0,0,0,0,0,0,0,
2016,273,El Cerrito del Norte,El Cerrito Plaza,1,1,0,0,0,0,0,0,0,0,0,0,0,
2015,272,El Cerrito del Norte,El Cerrito Plaza,1,1,0,0,0,0,0,0,0,0,0,0,0,
2014,271,El Cerrito del Norte,El Cerrito Plaza,1,1,0,0,0,0,0,0,0,0,0,0,0,
2013,270,El Cerrito del Norte,El Cerrito Plaza,1,1,0,0,0,0,0,0,0,0,0,0,0,
2012,269,El Cerrito del Norte,El Cerrito Plaza,1,1,0,0,0,0,0,0,0,0,0,0,0,
2011,268,El Cerrito del Norte,El Cerrito Plaza,1,1,0,0,0,0,0,0,0,0,0,0,0,
2010,267,El Cerrito del Norte,El Cerrito Plaza,1,1,0,0,0,0,0,0,0,0,0,0,0,
2009,266,El Cerrito del Norte,El Cerrito Plaza,1,1,0,0,0,0,0,0,0,0,0,0,0,
2008,265,El Cerrito del Norte,El Cerrito Plaza,1,1,0,0,0,0,0,0,0,0,0,0,0,
2007,264,El Cerrito del Norte,El Cerrito Plaza,1,1,0,0,0,0,0,0,0,0,0,0,0,
2006,263,El Cerrito del Norte,El Cerrito Plaza,1,1,0,0,0,0,0,0,0,0,0,0,0,
2005,262,El Cerrito del Norte,El Cerrito Plaza,1,1,0,0,0,0,0,0,0,0,0,0,0,
2004,261,El Cerrito del Norte,El Cerrito Plaza,1,1,0,0,0,0,0,0,0,0,0,0,0,
2003,260,El Cerrito del Norte,El Cerrito Plaza,1,1,0,0,0,0,0,0,0,0,0,0,0,
2002,259,El Cerrito del Norte,El Cerrito Plaza,1,1,0,0,0,0,0,0,0,0,0,0,0,
2001,258,El Cerrito del Norte,El Cerrito Plaza,1,1,0,0,0,0,0,0,0,0,0,0,0,
2000,257,El Cerrito del Norte,El Cerrito Plaza,1,1,0,0,0,0,0,0,0,0,0,0,0,
1999,256,El Cerrito del Norte,El Cerrito Plaza,1,1,0,0,0,0,0,0,0,0,0,0,0,
1998,255,El Cerrito del Norte,El Cerrito Plaza,1,1,0,0,0,0,0,0,0,0,0,0,0,
1997,254,El Cerrito del Norte,El Cerrito Plaza,1,1,0,0,0,0,0,0,0,0,0,0,0,
1996,253,El Cerrito del Norte,El Cerrito Plaza,1,1,0,0,0,0,0,0,0,0,0,0,0,
1995,252,El Cerrito del Norte,El Cerrito Plaza,1,1,0,0,0,0,0,0,0,0,0,0,0,
1994,251,El Cerrito del Norte,El Cerrito Plaza,1,1,0,0,0,0,0,0,0,0,0,0,0,
1993,250,El Cerrito del Norte,El Cerrito Plaza,1,1,0,0,0,0,0,0,0,0,0,0,0,
1992,249,El Cerrito del Norte,El Cerrito Plaza,1,1,0,0,0,0,0,0,0,0,0,0,0,
1991,248,El Cerrito del Norte,El Cerrito Plaza,1,1,0,0,0,0,0,0,0,0,0,0,0,
1990,247,El Cerrito del Norte,El Cerrito Plaza,1,1,0,0,0,0,0,0,0,0,0,0,0,
1989,246,El Cerrito del Norte,El Cerrito Plaza,1,1,0,0,0,0,0,0,0,0,0,0,0,
1988,245,El Cerrito del Norte,El Cerrito Plaza,1,1,0,0,0,0,0,0,0,0,0,0,0,
1987,244,El Cerrito del Norte,El Cerrito Plaza,1,1,0,0,0,0,0,0,0,0,0,0,0,
1986,243,El Cerrito del Norte,El Cerrito Plaza,1,1,0,0,0,0,0,0,0,0,0,0,0,
1985,242,El Cerrito del Norte,El Cerrito Plaza,1,1,0,0,0,0,0,0,0,0,0,0,0,
1984,241,El Cerrito del Norte,El Cerrito Plaza,1,1,0,0,0,0,0,0,0,0,0,0,0,
1983,240,El Cerrito del Norte,El Cerrito Plaza,1,1,0,0,0,0,0,0,0,0,0,0,0,
1982,239,El Cerrito del Norte,El Cerrito Plaza,1,1,0,0,0,0,0,0,0,0,0,0,0,
1981,238,El Cerrito del Norte,El Cerrito Plaza,1,1,0,0,0,0,0,0,0,0,0,0,0,
1980,237,El Cerrito del Norte,El Cerrito Plaza,1,1,0,0,0,0,0,0,0,0,0,0,0,
1979,236,El Cerrito del Norte,El Cerrito Plaza,1,1,0,0,0,0,0,0,0,0,0,0,0,
1978,235,El Cerrito del Norte,El Cerrito Plaza,1,1,0,0,0,0,0,0,0,0,0,0,0,
1977,234,El Cerrito del Norte,El Cerrito Plaza,1,1,0,0,0,0,0,0,0,0,0,0,0,
1976,233,El Cerrito del Norte,El Cerrito Plaza,1,1,0,0,0,0,0,0,0,0,0,0,0,
1975,232,El Cerrito del Norte,El Cerrito Plaza,1,1,0,0,0,0,0,0,0,0,0,0,0,
1974,231,El Cerrito del Norte,El Cerrito Plaza,1,1,0,0,0,0,0,0,0,0,0,0,0,
1973,230,El Cerrito del Norte,El Cerrito Plaza,1,1,0,0,0,0,0,0,0,0,0,0,0,
1972,229,El Cerrito del Norte,El Cerrito Plaza,1,1,0,0,0,0,0,0,0,0,0,0,0,
1971,228,El Cerrito del Norte,El Cerrito Plaza,1,1,0,0,0,0,0,0,0,0,0,0,0,
1970,227,El Cerrito del Norte,El Cerrito Plaza,1,1,0,0,0,0,0,0,0,0,0,0,0,
1969,226,El Cerrito del Norte,El Cerrito Plaza,1,1,0,0,0,0,0,0,0,0,0,0,0,
1968,225,El Cerrito del Norte,El Cerrito Plaza,1,1,0,0,0,0,0,0,0,0,0,0,0,
1967,224,El Cerrito del Norte,El Cerrito Plaza,1,1,0,0,0,0,0,0,0,0,0,0,0,
1966,223,El Cerrito del Norte,El Cerrito Plaza,1,1,0,0,0,0,0,0,0,0,0,0,0,
1965,222,El Cerrito del Norte,El Cerrito Plaza,1,1,0,0,0,0,0,0,0,0,0,0,0,
1964,221,El Cerrito del Norte,El Cerrito Plaza,1,1,0,0,0,0,0,0,0,0,0,0,0,
1963,220,El Cerrito del Norte,El Cerrito Plaza,1,1,0,0,0,0,0,0,0,0,0,0,0,
1962,219,El Cerrito del Norte,El Cerrito Plaza,1,1,0,0,0,0,0,0,0,0,0,0,0,
1961,218,El Cerrito del Norte,El Cerrito Plaza,1,1,0,0,0,0,0,0,0,0,0,0,0,
1960,217,El Cerrito del Norte,El Cerrito Plaza,1,1,0,0,0,0,0,0,0,0,0,0,0,
1959,216,El Cerrito del Norte,El Cerrito Plaza,1,1,0,0,0,0,0,0,0,0,0,0,0,
1958,215,El Cerrito del Norte,El Cerrito Plaza,1,1,0,0,0,0,0,0,0,0,0,0,0,
1957,214,El Cerrito del Norte,El Cerrito Plaza,1,1,0,0,0,0,0,0,0,0,0,0,0,
1956,213,El Cerrito del Norte,El Cerrito Plaza,1,1,0,0,0,0,0,0,0,0,0,0,0,
1955,212,El Cerrito del Norte,El Cerrito Plaza,1,1,0,0,0,0,0,0,0,0,0,0,0,
1954,211,El Cerrito del Norte,El Cerrito Plaza,1,1,0,0,0,0,0,0,0,0,0,0,0,
1953,210,El Cerrito del Norte,El Cerrito Plaza,1,1,0,0,0,0,0,0,0,0,0,0,0,
1952,209,El Cerrito del Norte,El Cerrito Plaza,1,1,0,0,0,0,0,0,0,0,0,0,0,
1951,208,El Cerrito del Norte,El Cerrito Plaza,1,1,0,0,0,0,0,0,0,0,0,0,0,
1950,207,El Cerrito del Norte,El Cerrito Plaza,1,1,0,0,0,0,0,0,0,0,0,0,0,
1949,206,El Cerrito del Norte,El Cerrito Plaza,1,1,0,0,0,0,0,0,0,0,0,0,0,
1948,205,El Cerrito del Norte,El Cerrito Plaza,1,1,0,0,0,0,0,0,0,0,0,0,0,
1947,204,El Cerrito del Norte,El Cerrito Plaza,1,1,0,0,0,0,0,0,0,0,0,0,0,
1946,203,El Cerrito del Norte,El Cerrito Plaza,1,1,0,0,0,0,0,0,0,0,0,0,0,
1945,202,El Cerrito del Norte,El Cerrito Plaza,1,1,0,0,0,0,0,0,0,0,0,0,0,
1944,201,El Cerrito del Norte,El Cerrito Plaza,1,1,0,0,0,0,0,0,0,0,0,0,0,
1943,200,El Cerrito del Norte,El Cerrito Plaza,1,1,0,0,0,0,0,0,0,0,0,0,0,
1942,199,El Cerrito del Norte,El Cerrito Plaza,1,1,0,0,0,0,0,0,0,0,0,0,0,
1941,198,El Cerrito del Norte,El Cerrito Plaza,1,1,0,0,0,0,0,0,0,0,0,0,0,
1940,197,El Cerrito del Norte,El Cerrito Plaza,1,1,0,0,0,0,0,0,0,0,0,0,0,
1939,196,El Cerrito del Norte,El Cerrito Plaza,1,1,0,0,0,0,0,0,0,0,0,0,0,
1938,195,El Cerrito del Norte,El Cerrito Plaza,1,1,0,0,0,0,0,0,0,0,0,0,0,
1937,194,El Cerrito del Norte,El Cerrito Plaza,1,1,0,0,0,0,0,0,0,0,0,0,0,
1936,193,El Cerrito del Norte,El Cerrito Plaza,1,1,0,0,0,0,0,0,0,0,0,0,0,
1935,192,El Cerrito del Norte,El Cerrito Plaza,1,1,0,0,0,0,0,0,0,0,0,0,0,
1934,191,El Cerrito del Norte,El Cerrito Plaza,1,1,0,0,0,0,0,0,0,0,0,0,0,
1933,190,El Cerrito del Norte,El Cerrito Plaza,1,1,0,0,0,0,0,0,0,0,0,0,0,
1932,189,El Cerrito del Norte,El Cerrito Plaza,1,1,0,0,0,0,0,0,0,0,0,0,0,
1931,188,El Cerrito del Norte,El Cerrito Plaza,1,1,0,0,0,0,0,0,0,0,0,0,0,
1930,187,El Cerrito del Norte,El Cerrito Plaza,1,1,0,0,0,0,0,0,0,0,0,0,0,
1929,186,El Cerrito del Norte,El Cerrito Plaza,1,1,0,0,0,0,0,0,0,0,0,0,0,
1928,185,El Cerrito del Norte,El Cerrito Plaza,1,1,0,0,0,0,0,0,0,0,0,0,0,
1927,184,El Cerrito del Norte,El Cerrito Plaza,1,1,0,0,0,0,0,0,0,0,0,0,0,
1926,183,El Cerrito del Norte,El Cerrito Plaza,1,1,0,0,0,0,0,0,0,0,0,0,0,
1925,182,El Cerrito del Norte,El Cerrito Plaza,1,1,0,0,0,0,0,0,0,0,0,0,0,
1924,181,El Cerrito del Norte,El Cerrito Plaza,1,1,0,0,0,0,0,0,0,0,0,0,0,
1923,180,El Cerrito del Norte,El Cerrito Plaza,1,1,0,0,0,0,0,0,0,0,0,0,0,
1922,179,El Cerrito del Norte,El Cerrito Plaza,1,1,0,0,0,0,0,0,0,0,0,0,0,
1921,178,El Cerrito del Norte,El Cerrito Plaza,1,1,0,0,0,0,0,0,0,0,0,0,0,
1920,177,El Cerrito del Norte,El Cerrito Plaza,1,1,0,0,0,0,0,0,0,0,0,0,0,
1919,176,El Cerrito del Norte,El Cerrito Plaza,1,1,0,0,0,0,0,0,0,0,0,0,0,
1918,175,El Cerrito del Norte,El Cerrito Plaza,1,1,0,0,0,0,0,0,0,0,0,0,0,
1917,174,El Cerrito Plaza,North Berkeley,1,1,0,0,0,0,0,0,0,0,0,0,0,
1916,173,El Cerrito Plaza,North Berkeley,1,1,0,0,0,0,0,0,0,0,0,0,0,
1915,172,El Cerrito Plaza,North Berkeley,1,1,0,0,0,0,0,0,0,0,0,0,0,
1914,171,El Cerrito Plaza,North Berkeley,1,1,0,0,0,0,0,0,0,0,0,0,0,
1913,170,El Cerrito Plaza,North Berkeley,1,1,0,0,0,0,0,0,0,0,0,0,0,
1912,169,El Cerrito Plaza,North Berkeley,1,1,0,0,0,0,0,0,0,0,0,0,0,
1911,168,El Cerrito Plaza,North Berkeley,1,1,0,0,0,0,0,0,0,0,0,0,0,
1910,167,El Cerrito Plaza,North Berkeley,1,1,0,0,0,0,0,0,0,0,0,0,0,
1909,166,El Cerrito Plaza,North Berkeley,1,1,0,0,0,0,0,0,0,0,0,0,0,
1908,165,El Cerrito Plaza,North Berkeley,1,1,0,0,0,0,0,0,0,0,0,0,0,
1907,164,El Cerrito Plaza,North Berkeley,1,1,0,0,0,0,0,0,0,0,0,0,0,
1906,163,El Cerrito Plaza,North Berkeley,1,1,0,0,0,0,0,0,0,0,0,0,0,
1905,162,El Cerrito Plaza,North Berkeley,1,1,0,0,0,0,0,0,0,0,0,0,0,
1904,161,El Cerrito Plaza,North Berkeley,1,1,0,0,0,0,0,0,0,0,0,0,0,
1903,160,El Cerrito Plaza,North Berkeley,1,1,0,0,0,0,0,0,0,0,0,0,0,
1902,159,El Cerrito Plaza,North Berkeley,1,1,0,0,0,0,0,0,0,0,0,0,0,
1901,158,El Cerrito Plaza,North Berkeley,1,1,0,0,0,0,0,0,0,0,0,0,0,
1900,157,El Cerrito Plaza,North Berkeley,1,1,0,0,0,0,0,0,0,0,0,0,0,
1899,156,El Cerrito Plaza,North Berkeley,1,1,0,0,0,0,0,0,0,0,0,0,0,
1898,155,El Cerrito Plaza,North Berkeley,1,1,0,0,0,0,0,0,0,0,0,0,0,
1897,154,El Cerrito Plaza,North Berkeley,1,1,0,0,0,0,0,0,0,0,0,0,0,
1896,153,El Cerrito Plaza,North Berkeley,1,1,0,0,0,0,0,0,0,0,0,0,0,
1895,152,El Cerrito Plaza,North Berkeley,1,1,0,0,0,0,0,0,0,0,0,0,0,
1894,151,El Cerrito Plaza,North Berkeley,1,1,0,0,0,0,0,0,0,0,0,0,0,
1893,150,El Cerrito Plaza,North Berkeley,1,1,0,0,0,0,0,0,0,0,0,0,0,
1892,149,El Cerrito Plaza,North Berkeley,1,1,0,0,0,0,0,0,0,0,0,0,0,
1891,148,El Cerrito Plaza,North Berkeley,1,1,0,0,0,0,0,0,0,0,0,0,0,
1890,147,El Cerrito Plaza,North Berkeley,1,1,0,0,0,0,0,0,0,0,0,0,0,
1889,146,El Cerrito Plaza,North Berkeley,1,1,0,0,0,0,0,0,0,0,0,0,0,
1888,145,El Cerrito Plaza,North Berkeley,1,1,0,0,0,0,0,0,0,0,0,0,0,
1887,144,El Cerrito Plaza,North Berkeley,1,1,0,0,0,0,0,0,0,0,0,0,0,
1886,143,El Cerrito Plaza,North Berkeley,1,1,0,0,0,0,0,0,0,0,0,0,0,
1885,142,El Cerrito Plaza,North Berkeley,1,1,0,0,0,0,0,0,0,0,0,0,0,
1884,141,El Cerrito Plaza,North Berkeley,1,1,0,0,0,0,0,0,0,0,0,0,0,
1883,140,El Cerrito Plaza,North Berkeley,1,1,0,0,0,0,0,0,0,0,0,0,0,
1882,139,El Cerrito Plaza,North Berkeley,1,1,0,0,0,0,0,0,0,0,0,0,0,
1881,138,El Cerrito Plaza,North Berkeley,1,1,0,0,0,0,0,0,0,0,0,0,0,
1880,137,El Cerrito Plaza,North Berkeley,1,1,0,0,0,0,0,0,0,0,0,0,0,
1879,136,El Cerrito Plaza,North Berkeley,1,1,0,0,0,0,0,0,0,0,0,0,0,
1878,135,El Cerrito Plaza,North Berkeley,1,1,0,0,0,0,0,0,0,0,0,0,0,
1877,134,El Cerrito Plaza,North Berkeley,1,1,0,0,0,0,0,0,0,0,0,0,0,
1876,133,El Cerrito Plaza,North Berkeley,1,1,0,0,0,0,0,0,0,0,0,0,0,
1875,132,El Cerrito Plaza,North Berkeley,1,1,0,0,0,0,0,0,0,0,0,0,0,
1874,131,El Cerrito Plaza,North Berkeley,1,1,0,0,0,0,0,0,0,0,0,0,0,
1873,130,El Cerrito Plaza,North Berkeley,1,1,0,0,0,0,0,0,0,0,0,0,0,
1872,129,El Cerrito Plaza,North Berkeley,1,1,0,0,0,0,0,0,0,0,0,0,0,
1871,128,El Cerrito Plaza,North Berkeley,1,1,0,0,0,0,0,0,0,0,0,0,0,
1870,127,El Cerrito Plaza,North Berkeley,1,1,0,0,0,0,0,0,0,0,0,0,0,
1869,126,El Cerrito Plaza,North Berkeley,1,1,0,0,0,0,0,0,0,0,0,0,0,
1868,125,El Cerrito Plaza,North Berkeley,1,1,0,0,0,0,0,0,0,0,0,0,0,
1867,124,El Cerrito Plaza,North Berkeley,1,1,0,0,0,0,0,0,0,0,0,0,0,
1866,123,El Cerrito Plaza,North Berkeley,1,1,0,0,0,0,0,0,0,0,0,0,0,
1865,122,El Cerrito Plaza,North Berkeley,1,1,0,0,0,0,0,0,0,0,0,0,0,
1864,121,El Cerrito Plaza,North Berkeley,1,1,0,0,0,0,0,0,0,0,0,0,0,
1863,120,El Cerrito Plaza,North Berkeley,1,1,0,0,0,0,0,0,0,0,0,0,0,
1862,119,El Cerrito Plaza,North Berkeley,1,1,0,0,0,0,0,0,0,0,0,0,0,
1861,118,El Cerrito Plaza,North Berkeley,1,1,0,0,0,0,0,0,0,0,0,0,0,
1860,117,El Cerrito Plaza,North Berkeley,1,1,0,0,0,0,0,0,0,0,0,0,0,
1859,116,El Cerrito Plaza,North Berkeley,1,1,0,0,0,0,0,0,0,0,0,0,0,
1858,115,El Cerrito Plaza,North Berkeley,1,1,0,0,0,0,0,0,0,0,0,0,0,
1857,114,El Cerrito Plaza,North Berkeley,1,1,0,0,0,0,0,0,0,0,0,0,0,
1856,113,El Cerrito Plaza,North Berkeley,1,1,0,0,0,0,0,0,0,0,0,0,0,
1855,112,El Cerrito Plaza,North Berkeley,1,1,0,0,0,0,0,0,0,0,0,0,0,
1854,111,El Cerrito Plaza,North Berkeley,1,1,0,0,0,0,0,0,0,0,0,0,0,
1853,110,El Cerrito Plaza,North Berkeley,1,1,0,0,0,0,0,0,0,0,0,0,0,
1852,109,El Cerrito Plaza,North Berkeley,1,1,0,0,0,0,0,0,0,0,0,0,0,
1851,108,El Cerrito Plaza,North Berkeley,1,1,0,0,0,0,0,0,0,0,0,0,0,
1850,107,El Cerrito Plaza,North Berkeley,1,1,0,0,0,0,0,0,0,0,0,0,0,
1849,106,El Cerrito Plaza,North Berkeley,1,1,0,0,0,0,0,0,0,0,0,0,0,
1848,105,El Cerrito Plaza,North Berkeley,1,1,0,0,0,0,0,0,0,0,0,0,0,
1847,104,El Cerrito Plaza,North Berkeley,1,1,0,0,0,0,0,0,0,0,0,0,0,
1846,103,El Cerrito Plaza,North Berkeley,1,1,0,0,0,0,0,0,0,0,0,0,0,
1845,102,El Cerrito Plaza,North Berkeley,1,1,0,0,0,0,0,0,0,0,0,0,0,
1844,101,El Cerrito Plaza,North Berkeley,1,1,0,0,0,0,0,0,0,0,0,0,0,
1843,100,El Cerrito Plaza,North Berkeley,1,1,0,0,0,0,0,0,0,0,0,0,0,
1842,99,El Cerrito Plaza,North Berkeley,1,1,0,0,0,0,0,0,0,0,0,0,0,
1841,98,El Cerrito Plaza,North Berkeley,1,1,0,0,0,0,0,0,0,0,0,0,0,
1840,97,El Cerrito Plaza,North Berkeley,1,1,0,0,0,0,0,0,0,0,0,0,0,
1839,96,El Cerrito Plaza,North Berkeley,1,1,0,0,0,0,0,0,0,0,0,0,0,
1838,95,El Cerrito Plaza,North Berkeley,1,1,0,0,0,0,0,0,0,0,0,0,0,
1837,94,El Cerrito Plaza,North Berkeley,1,1,0,0,0,0,0,0,0,0,0,0,0,
1836,93,El Cerrito Plaza,North Berkeley,1,1,0,0,0,0,0,0,0,0,0,0,0,
1835,92,El Cerrito Plaza,North Berkeley,1,1,0,0,0,0,0,0,0,0,0,0,0,
1834,91,El Cerrito Plaza,North Berkeley,1,1,0,0,0,0,0,0,0,0,0,0,0,
1833,90,El Cerrito Plaza,North Berkeley,1,1,0,0,0,0,0,0,0,0,0,0,0,
1832,89,El Cerrito Plaza,North Berkeley,1,1,0,0,0,0,0,0,0,0,0,0,0,
1831,88,El Cerrito Plaza,North Berkeley,1,1,0,0,0,0,0,0,0,0,0,0,0,
1830,87,El Cerrito Plaza,North Berkeley,1,1,0,0,0,0,0,0,0,0,0,0,0,
1829,86,El Cerrito Plaza,North Berkeley,1,1,0,0,0,0,0,0,0,0,0,0,0,
1828,85,El Cerrito Plaza,North Berkeley,1,1,0,0,0,0,0,0,0,0,0,0,0,
1827,84,El Cerrito Plaza,North Berkeley,1,1,0,0,0,0,0,0,0,0,0,0,0,
1826,83,El Cerrito Plaza,North Berkeley,1,1,0,0,0,0,0,0,0,0,0,0,0,
1825,82,El Cerrito Plaza,North Berkeley,1,1,0,0,0,0,0,0,0,0,0,0,0,
1824,81,El Cerrito Plaza,North Berkeley,1,1,0,0,0,0,0,0,0,0,0,0,0,
1823,80,El Cerrito Plaza,North Berkeley,1,1,0,0,0,0,0,0,0,0,0,0,0,
1822,79,El Cerrito Plaza,North Berkeley,1,1,0,0,0,0,0,0,0,0,0,0,0,
1821,78,El Cerrito Plaza,North Berkeley,1,1,0,0,0,0,0,0,0,0,0,0,0,
1820,77,El Cerrito Plaza,North Berkeley,1,1,0,0,0,0,0,0,0,0,0,0,0,
1819,76,El Cerrito Plaza,North Berkeley,1,1,0,0,0,0,0,0,0,0,0,0,0,
1818,75,El Cerrito Plaza,North Berkeley,1,1,0,0,0,0,0,0,0,0,0,0,0,
1817,74,El Cerrito Plaza,North Berkeley,1,1,0,0,0,0,0,0,0,0,0,0,0,
1816,73,El Cerrito Plaza,North Berkeley,1,1,0,0,0,0,0,0,0,0,0,0,0,
1815,72,El Cerrito Plaza,North Berkeley,1,1,0,0,0,0,0,0,0,0,0,0,0,
1814,71,El Cerrito Plaza,North Berkeley,1,1,0,0,0,0,0,0,0,0,0,0,0,
1813,70,El Cerrito Plaza,North Berkeley,1,1,0,0,0,0,0,0,0,0,0,0,0,
1812,69,El Cerrito Plaza,North Berkeley,1,1,0,0,0,0,0,0,0,0,0,0,0,
1811,68,Ashby,MacArthur,1,1,0,0,0,0,0,0,0,0,0,0,0,
1810,67,Ashby,MacArthur,1,1,0,0,0,0,0,0,0,0,0,0,0,
1809,66,Ashby,MacArthur,1,1,0,0,0,0,0,0,0,0,0,0,0,
1808,65,Ashby,MacArthur,1,1,0,0,0,0,0,0,0,0,0,0,0,
1807,64,Ashby,MacArthur,1,1,0,0,0,0,0,0,0,0,0,0,0,
1806,63,Ashby,MacArthur,1,1,0,0,0,0,0,0,0,0,0,0,0,
1805,62,Ashby,MacArthur,1,1,0,0,0,0,0,0,0,0,0,0,0,
1804,61,Ashby,MacArthur,1,1,0,0,0,0,0,0,0,0,0,0,0,
1803,60,Ashby,MacArthur,1,1,0,0,0,0,0,0,0,0,0,0,0,
1802,59,Ashby,MacArthur,1,1,0,0,0,0,0,0,0,0,0,0,0,
1801,58,Ashby,MacArthur,1,1,0,0,0,0,0,0,0,0,0,0,0,
1800,57,Ashby,MacArthur,1,1,0,0,0,0,0,0,0,0,0,0,0,
1799,56,Ashby,MacArthur,1,1,0,0,0,0,0,0,0,0,0,0,0,
1798,55,Ashby,MacArthur,1,1,0,0,0,0,0,0,0,0,0,0,0,
1797,54,Ashby,MacArthur,1,1,0,0,0,0,0,0,0,0,0,0,0,
1796,53,Ashby,MacArthur,1,1,0,0,0,0,0,0,0,0,0,0,0,
1795,52,Ashby,MacArthur,1,1,0,0,0,0,0,0,0,0,0,0,0,
1794,51,Ashby,MacArthur,1,1,0,0,0,0,0,0,0,0,0,0,0,
1793,50,Ashby,MacArthur,1,1,0,0,0,0,0,0,0,0,0,0,0,
1792,49,Ashby,MacArthur,1,1,0,0,0,0,0,0,0,0,0,0,0,
1791,48,Ashby,MacArthur,1,1,0,0,0,0,0,0,0,0,0,0,0,
1790,47,Ashby,MacArthur,1,1,0,0,0,0,0,0,0,0,0,0,0,
1789,46,Ashby,MacArthur,1,1,0,0,0,0,0,0,0,0,0,0,0,
1788,45,Ashby,MacArthur,1,1,0,0,0,0,0,0,0,0,0,0,0,
1787,44,Ashby,MacArthur,1,1,0,0,0,0,0,0,0,0,0,0,0,
1786,43,Ashby,MacArthur,1,1,0,0,0,0,0,0,0,0,0,0,0,
1785,42,Ashby,MacArthur,1,1,0,0,0,0,0,0,0,0,0,0,0,
1784,41,Ashby,MacArthur,1,1,0,0,0,0,0,0,0,0,0,0,0,
1783,40,Ashby,MacArthur,1,1,0,0,0,0,0,0,0,0,0,0,0,
1782,39,Ashby,MacArthur,1,1,0,0,0,0,0,0,0,0,0,0,0,
1781,38,Ashby,MacArthur,1,1,0,0,0,0,0,0,0,0,0,0,0,
1780,37,Ashby,MacArthur,1,1,0,0,0,0,0,0,0,0,0,0,0,
1779,36,Ashby,MacArthur,1,1,0,0,0,0,0,0,0,0,0,0,0,
1778,35,Ashby,MacArthur,1,1,0,0,0,0,0,0,0,0,0,0,0,
1777,34,Ashby,MacArthur,1,1,0,0,0,0,0,0,0,0,0,0,0,
1776,33,Ashby,MacArthur,1,1,0,0,0,0,0,0,0,0,0,0,0,
1775,32,Ashby,MacArthur,1,1,0,0,0,0,0,0,0,0,0,0,0,
1774,31,Ashby,MacArthur,1,1,0,0,0,0,0,0,0,0,0,0,0,
1773,30,Ashby,MacArthur,1,1,0,0,0,0,0,0,0,0,0,0,0,
1772,29,Ashby,MacArthur,1,1,0,0,0,0,0,0,0,0,0,0,0,
1771,28,Ashby,MacArthur,1,1,0,0,0,0,0,0,0,0,0,0,0,
1770,27,Ashby,MacArthur,1,1,0,0,0,0,0,0,0,0,0,0,0,
1769,26,Ashby,MacArthur,1,1,0,0,0,0,0,0,0,0,0,0,0,
1768,25,Ashby,MacArthur,1,1,0,0,0,0,0,0,0,0,0,0,0,
1767,24,Ashby,MacArthur,1,1,0,0,0,0,0,0,0,0,0,0,0,
1766,23,Ashby,MacArthur,1,1,0,0,0,0,0,0,0,0,0,0,0,
1765,22,Ashby,MacArthur,1,1,0,0,0,0,0,0,0,0,0,0,0,
1764,21,Ashby,MacArthur,1,1,0,0,0,0,0,0,0,0,0,0,0,
1763,20,Ashby,MacArthur,1,1,0,0,0,0,0,0,0,0,0,0,0,
1762,19,Ashby,MacArthur,1,1,0,0,0,0,0,0,0,0,0,0,0,
1761,18,Ashby,MacArthur,1,1,0,0,0,0,0,0,0,0,0,0,0,
1760,17,Ashby,MacArthur,1,1,0,0,0,0,0,0,0,0,0,0,0,
1759,16,Ashby,MacArthur,1,1,0,0,0,0,0,0,0,0,0,0,0,
1758,15,Ashby,MacArthur,1,1,0,0,0,0,0,0,0,0,0,0,0,
1757,14,Ashby,MacArthur,1,1,0,0,0,0,0,0,0,0,0,0,0,
1756,13,Ashby,MacArthur,1,1,0,0,0,0,0,0,0,0,0,0,0,
1755,12,Ashby,MacArthur,1,1,0,0,0,0,0,0,0,0,0,0,0,
1754,11,Ashby,MacArthur,1,1,0,0,0,0,0,0,0,0,0,0,0,
1753,10,Ashby,MacArthur,1,1,0,0,0,0,0,0,0,0,0,0,0,
1752,9,Ashby,MacArthur,1,1,0,0,0,0,0,0,0,0,0,0,0,
1751,8,Ashby,MacArthur,1,1,0,0,0,0,0,0,0,0,0,0,0,
1750,7,Ashby,MacArthur,1,1,0,0,0,0,0,0,0,0,0,0,0,
1749,6,Ashby,MacArthur,1,1,0,0,0,0,0,0,0,0,0,0,0,
1748,5,Ashby,MacArthur,1,1,0,0,0,0,0,0,0,0,0,0,0,
1747,4,Ashby,MacArthur,1,1,0,0,0,0,0,0,0,0,0,0,0,
1746,3,Ashby,MacArthur,1,1,0,0,0,0,0,0,0,0,0,0,0,
1745,2,Ashby,MacArthur,1,1,0,0,0,0,0,0,0,0,0,0,0,
1744,1,Ashby,MacArthur,1,1,0,0,0,0,0,0,0,0,0,0,0,